Workbook

Sheet Seguridad
A2: SEGURIDAD · CONTROL DE FLOTA
A3: F&M Maquinarias | Datos piloto históricos + entrada de telemetría para estado actual
A4: Flota | D4: Turno | G4: Desde | I4: Hasta | L4: Unidad | N4: Vigencia (min)
B5: Volquete | E5: Ambos | H5: 46276 | J5: 46291 | M5: Todas | O5: 10
A6: Edita los filtros amarillos. La lectura actual requiere actualizar Telemetría; «sin lectura» no equivale a stand by.
A7: Filtros con listas: Flota, Turno y Unidad. Desde/Hasta acotan los datos; Vigencia define cuándo caduca una lectura.
A8: Eventos de sobrevelocidad | D8: Alertas de cinturón | G8: Salidas de geocerca | J8: Volquetes con lectura vigente
A9: =SUMIFS(Datos!$H$5:$H$228,Datos!$M$5:$M$228,1) -> 76 | D9: =SUMIFS(Datos!$I$5:$I$228,Datos!$M$5:$M$228,1) -> 8 | G9: =SUMIFS(Datos!$J$5:$J$228,Datos!$M$5:$M$228,1) -> 6 | J9: =COUNTIFS($C$18:$C$25,"Volquete",$H$18:$H$25,"En movimiento")+COUNTIFS($C$18:$C$25,"Volquete",$H$18:$H$25,"Stand by") -> 0
A11: Volquetes en movimiento | D11: Volquetes stand by | G11: Volquetes sin lectura vigente | J11: Última lectura de la flota
A12: =COUNTIFS($C$18:$C$25,"Volquete",$H$18:$H$25,"En movimiento") -> 0 | D12: =COUNTIFS($C$18:$C$25,"Volquete",$H$18:$H$25,"Stand by") -> 0 | G12: =COUNTIFS($C$18:$C$25,"Volquete",$H$18:$H$25,"Sin lectura vigente") -> 4 | J12: =IF(COUNT($D$18:$D$25)=0,"Sin telemetría",MAX($D$18:$D$25)) -> Sin telemetría
A15: ESTADO ACTUAL · ÚLTIMA LECTURA VIGENTE POR UNIDAD
A17: Unidad | B17: Filtro | C17: Tipo | D17: Última lectura | E17: Vel. GPS km/h | F17: Motor | G17: Edad min | H17: Estado | I17: Muestras | J17: Origen
A18: VOL-01 | B18: =IF(AND(OR($B$5="Todas",$B$5=C18),OR($M$5="Todas",$M$5=A18)),"Incluido","Fuera del filtro") -> Incluido | C18: Volquete | D18: =IF(B18="Fuera del filtro","",IF(COUNTIFS(Telemetría!$B$5:$B$504,A18,Telemetría!$A$5:$A$504,">="&$H$5,Telemetría!$A$5:$A$504,"<"&($J$5+1),Telemetría!$D$5:$D$504,IF($E$5="Ambos","*",$E$5))=0,"",_xlfn.MAXIFS(Telemetría!$A$5:$A$504,Telemetría!$B$5:$B$504,A18,Telemetría!$A$5:$A$504,">="&$H$5,Telemetría!$A$5:$A$504,"<"&($J$5+1),Telemetría!$D$5:$D$504,IF($E$5="Ambos","*",$E$5)))) | E18: =IF(I18=0,"",SUMIFS(Telemetría!$E$5:$E$504,Telemetría!$B$5:$B$504,A18,Telemetría!$A$5:$A$504,D18)) | F18: =IF(I18=0,"",SUMIFS(Telemetría!$F$5:$F$504,Telemetría!$B$5:$B$504,A18,Telemetría!$A$5:$A$504,D18)) | G18: =IF(D18="","",MAX(0,(NOW()-D18)*1440)) | H18: =IF(B18="Fuera del filtro","Fuera del filtro",IF(OR(D18="",G18>$O$5,I18<>1),"Sin lectura vigente",IF(E18>=1,"En movimiento",IF(F18=1,"Stand by","Detenido / motor apagado")))) -> Sin lectura vigente | I18: =IF(D18="",0,COUNTIFS(Telemetría!$B$5:$B$504,A18,Telemetría!$A$5:$A$504,D18)) -> 0 | J18: =IF(I18=0,"", "Telemetría")
A19: VOL-02 | B19: =IF(AND(OR($B$5="Todas",$B$5=C19),OR($M$5="Todas",$M$5=A19)),"Incluido","Fuera del filtro") -> Incluido | C19: Volquete | D19: =IF(B19="Fuera del filtro","",IF(COUNTIFS(Telemetría!$B$5:$B$504,A19,Telemetría!$A$5:$A$504,">="&$H$5,Telemetría!$A$5:$A$504,"<"&($J$5+1),Telemetría!$D$5:$D$504,IF($E$5="Ambos","*",$E$5))=0,"",_xlfn.MAXIFS(Telemetría!$A$5:$A$504,Telemetría!$B$5:$B$504,A19,Telemetría!$A$5:$A$504,">="&$H$5,Telemetría!$A$5:$A$504,"<"&($J$5+1),Telemetría!$D$5:$D$504,IF($E$5="Ambos","*",$E$5)))) | E19: =IF(I19=0,"",SUMIFS(Telemetría!$E$5:$E$504,Telemetría!$B$5:$B$504,A19,Telemetría!$A$5:$A$504,D19)) | F19: =IF(I19=0,"",SUMIFS(Telemetría!$F$5:$F$504,Telemetría!$B$5:$B$504,A19,Telemetría!$A$5:$A$504,D19)) | G19: =IF(D19="","",MAX(0,(NOW()-D19)*1440)) | H19: =IF(B19="Fuera del filtro","Fuera del filtro",IF(OR(D19="",G19>$O$5,I19<>1),"Sin lectura vigente",IF(E19>=1,"En movimiento",IF(F19=1,"Stand by","Detenido / motor apagado")))) -> Sin lectura vigente | I19: =IF(D19="",0,COUNTIFS(Telemetría!$B$5:$B$504,A19,Telemetría!$A$5:$A$504,D19)) -> 0 | J19: =IF(I19=0,"", "Telemetría")
A20: VOL-03 | B20: =IF(AND(OR($B$5="Todas",$B$5=C20),OR($M$5="Todas",$M$5=A20)),"Incluido","Fuera del filtro") -> Incluido | C20: Volquete | D20: =IF(B20="Fuera del filtro","",IF(COUNTIFS(Telemetría!$B$5:$B$504,A20,Telemetría!$A$5:$A$504,">="&$H$5,Telemetría!$A$5:$A$504,"<"&($J$5+1),Telemetría!$D$5:$D$504,IF($E$5="Ambos","*",$E$5))=0,"",_xlfn.MAXIFS(Telemetría!$A$5:$A$504,Telemetría!$B$5:$B$504,A20,Telemetría!$A$5:$A$504,">="&$H$5,Telemetría!$A$5:$A$504,"<"&($J$5+1),Telemetría!$D$5:$D$504,IF($E$5="Ambos","*",$E$5)))) | E20: =IF(I20=0,"",SUMIFS(Telemetría!$E$5:$E$504,Telemetría!$B$5:$B$504,A20,Telemetría!$A$5:$A$504,D20)) | F20: =IF(I20=0,"",SUMIFS(Telemetría!$F$5:$F$504,Telemetría!$B$5:$B$504,A20,Telemetría!$A$5:$A$504,D20)) | G20: =IF(D20="","",MAX(0,(NOW()-D20)*1440)) | H20: =IF(B20="Fuera del filtro","Fuera del filtro",IF(OR(D20="",G20>$O$5,I20<>1),"Sin lectura vigente",IF(E20>=1,"En movimiento",IF(F20=1,"Stand by","Detenido / motor apagado")))) -> Sin lectura vigente | I20: =IF(D20="",0,COUNTIFS(Telemetría!$B$5:$B$504,A20,Telemetría!$A$5:$A$504,D20)) -> 0 | J20: =IF(I20=0,"", "Telemetría")
A21: VOL-04 | B21: =IF(AND(OR($B$5="Todas",$B$5=C21),OR($M$5="Todas",$M$5=A21)),"Incluido","Fuera del filtro") -> Incluido | C21: Volquete | D21: =IF(B21="Fuera del filtro","",IF(COUNTIFS(Telemetría!$B$5:$B$504,A21,Telemetría!$A$5:$A$504,">="&$H$5,Telemetría!$A$5:$A$504,"<"&($J$5+1),Telemetría!$D$5:$D$504,IF($E$5="Ambos","*",$E$5))=0,"",_xlfn.MAXIFS(Telemetría!$A$5:$A$504,Telemetría!$B$5:$B$504,A21,Telemetría!$A$5:$A$504,">="&$H$5,Telemetría!$A$5:$A$504,"<"&($J$5+1),Telemetría!$D$5:$D$504,IF($E$5="Ambos","*",$E$5)))) | E21: =IF(I21=0,"",SUMIFS(Telemetría!$E$5:$E$504,Telemetría!$B$5:$B$504,A21,Telemetría!$A$5:$A$504,D21)) | F21: =IF(I21=0,"",SUMIFS(Telemetría!$F$5:$F$504,Telemetría!$B$5:$B$504,A21,Telemetría!$A$5:$A$504,D21)) | G21: =IF(D21="","",MAX(0,(NOW()-D21)*1440)) | H21: =IF(B21="Fuera del filtro","Fuera del filtro",IF(OR(D21="",G21>$O$5,I21<>1),"Sin lectura vigente",IF(E21>=1,"En movimiento",IF(F21=1,"Stand by","Detenido / motor apagado")))) -> Sin lectura vigente | I21: =IF(D21="",0,COUNTIFS(Telemetría!$B$5:$B$504,A21,Telemetría!$A$5:$A$504,D21)) -> 0 | J21: =IF(I21=0,"", "Telemetría")
A22: CAM-01 | B22: =IF(AND(OR($B$5="Todas",$B$5=C22),OR($M$5="Todas",$M$5=A22)),"Incluido","Fuera del filtro") -> Fuera del filtro | C22: Camioneta | D22: =IF(B22="Fuera del filtro","",IF(COUNTIFS(Telemetría!$B$5:$B$504,A22,Telemetría!$A$5:$A$504,">="&$H$5,Telemetría!$A$5:$A$504,"<"&($J$5+1),Telemetría!$D$5:$D$504,IF($E$5="Ambos","*",$E$5))=0,"",_xlfn.MAXIFS(Telemetría!$A$5:$A$504,Telemetría!$B$5:$B$504,A22,Telemetría!$A$5:$A$504,">="&$H$5,Telemetría!$A$5:$A$504,"<"&($J$5+1),Telemetría!$D$5:$D$504,IF($E$5="Ambos","*",$E$5)))) | E22: =IF(I22=0,"",SUMIFS(Telemetría!$E$5:$E$504,Telemetría!$B$5:$B$504,A22,Telemetría!$A$5:$A$504,D22)) | F22: =IF(I22=0,"",SUMIFS(Telemetría!$F$5:$F$504,Telemetría!$B$5:$B$504,A22,Telemetría!$A$5:$A$504,D22)) | G22: =IF(D22="","",MAX(0,(NOW()-D22)*1440)) | H22: =IF(B22="Fuera del filtro","Fuera del filtro",IF(OR(D22="",G22>$O$5,I22<>1),"Sin lectura vigente",IF(E22>=1,"En movimiento",IF(F22=1,"Stand by","Detenido / motor apagado")))) -> Fuera del filtro | I22: =IF(D22="",0,COUNTIFS(Telemetría!$B$5:$B$504,A22,Telemetría!$A$5:$A$504,D22)) -> 0 | J22: =IF(I22=0,"", "Telemetría")
A23: CAM-02 | B23: =IF(AND(OR($B$5="Todas",$B$5=C23),OR($M$5="Todas",$M$5=A23)),"Incluido","Fuera del filtro") -> Fuera del filtro | C23: Camioneta | D23: =IF(B23="Fuera del filtro","",IF(COUNTIFS(Telemetría!$B$5:$B$504,A23,Telemetría!$A$5:$A$504,">="&$H$5,Telemetría!$A$5:$A$504,"<"&($J$5+1),Telemetría!$D$5:$D$504,IF($E$5="Ambos","*",$E$5))=0,"",_xlfn.MAXIFS(Telemetría!$A$5:$A$504,Telemetría!$B$5:$B$504,A23,Telemetría!$A$5:$A$504,">="&$H$5,Telemetría!$A$5:$A$504,"<"&($J$5+1),Telemetría!$D$5:$D$504,IF($E$5="Ambos","*",$E$5)))) | E23: =IF(I23=0,"",SUMIFS(Telemetría!$E$5:$E$504,Telemetría!$B$5:$B$504,A23,Telemetría!$A$5:$A$504,D23)) | F23: =IF(I23=0,"",SUMIFS(Telemetría!$F$5:$F$504,Telemetría!$B$5:$B$504,A23,Telemetría!$A$5:$A$504,D23)) | G23: =IF(D23="","",MAX(0,(NOW()-D23)*1440)) | H23: =IF(B23="Fuera del filtro","Fuera del filtro",IF(OR(D23="",G23>$O$5,I23<>1),"Sin lectura vigente",IF(E23>=1,"En movimiento",IF(F23=1,"Stand by","Detenido / motor apagado")))) -> Fuera del filtro | I23: =IF(D23="",0,COUNTIFS(Telemetría!$B$5:$B$504,A23,Telemetría!$A$5:$A$504,D23)) -> 0 | J23: =IF(I23=0,"", "Telemetría")
A24: MIN-01 | B24: =IF(AND(OR($B$5="Todas",$B$5=C24),OR($M$5="Todas",$M$5=A24)),"Incluido","Fuera del filtro") -> Fuera del filtro | C24: Minibús | D24: =IF(B24="Fuera del filtro","",IF(COUNTIFS(Telemetría!$B$5:$B$504,A24,Telemetría!$A$5:$A$504,">="&$H$5,Telemetría!$A$5:$A$504,"<"&($J$5+1),Telemetría!$D$5:$D$504,IF($E$5="Ambos","*",$E$5))=0,"",_xlfn.MAXIFS(Telemetría!$A$5:$A$504,Telemetría!$B$5:$B$504,A24,Telemetría!$A$5:$A$504,">="&$H$5,Telemetría!$A$5:$A$504,"<"&($J$5+1),Telemetría!$D$5:$D$504,IF($E$5="Ambos","*",$E$5)))) | E24: =IF(I24=0,"",SUMIFS(Telemetría!$E$5:$E$504,Telemetría!$B$5:$B$504,A24,Telemetría!$A$5:$A$504,D24)) | F24: =IF(I24=0,"",SUMIFS(Telemetría!$F$5:$F$504,Telemetría!$B$5:$B$504,A24,Telemetría!$A$5:$A$504,D24)) | G24: =IF(D24="","",MAX(0,(NOW()-D24)*1440)) | H24: =IF(B24="Fuera del filtro","Fuera del filtro",IF(OR(D24="",G24>$O$5,I24<>1),"Sin lectura vigente",IF(E24>=1,"En movimiento",IF(F24=1,"Stand by","Detenido / motor apagado")))) -> Fuera del filtro | I24: =IF(D24="",0,COUNTIFS(Telemetría!$B$5:$B$504,A24,Telemetría!$A$5:$A$504,D24)) -> 0 | J24: =IF(I24=0,"", "Telemetría")
A25: COM-01 | B25: =IF(AND(OR($B$5="Todas",$B$5=C25),OR($M$5="Todas",$M$5=A25)),"Incluido","Fuera del filtro") -> Fuera del filtro | C25: Combi | D25: =IF(B25="Fuera del filtro","",IF(COUNTIFS(Telemetría!$B$5:$B$504,A25,Telemetría!$A$5:$A$504,">="&$H$5,Telemetría!$A$5:$A$504,"<"&($J$5+1),Telemetría!$D$5:$D$504,IF($E$5="Ambos","*",$E$5))=0,"",_xlfn.MAXIFS(Telemetría!$A$5:$A$504,Telemetría!$B$5:$B$504,A25,Telemetría!$A$5:$A$504,">="&$H$5,Telemetría!$A$5:$A$504,"<"&($J$5+1),Telemetría!$D$5:$D$504,IF($E$5="Ambos","*",$E$5)))) | E25: =IF(I25=0,"",SUMIFS(Telemetría!$E$5:$E$504,Telemetría!$B$5:$B$504,A25,Telemetría!$A$5:$A$504,D25)) | F25: =IF(I25=0,"",SUMIFS(Telemetría!$F$5:$F$504,Telemetría!$B$5:$B$504,A25,Telemetría!$A$5:$A$504,D25)) | G25: =IF(D25="","",MAX(0,(NOW()-D25)*1440)) | H25: =IF(B25="Fuera del filtro","Fuera del filtro",IF(OR(D25="",G25>$O$5,I25<>1),"Sin lectura vigente",IF(E25>=1,"En movimiento",IF(F25=1,"Stand by","Detenido / motor apagado")))) -> Fuera del filtro | I25: =IF(D25="",0,COUNTIFS(Telemetría!$B$5:$B$504,A25,Telemetría!$A$5:$A$504,D25)) -> 0 | J25: =IF(I25=0,"", "Telemetría")
A27: Criterio actual: movimiento ≥ 1 km/h; stand by = motor encendido y velocidad < 1 km/h; lectura vencida = sin estado verificable.
A28: «En tiempo real» depende de conexión y frecuencia de importación
A30: RESUMEN DIARIO · FLOTA FILTRADA
A32: Fecha | B32: km | C32: Movimiento h | D32: Media km/h | E32: Máxima GPS km/h | F32: Volquetes con movimiento | G32: Volquetes stand by* | H32: Eventos de sobrevelocidad
A33: =DATE(2026,9,11) -> 46276 | B33: =IF(OR(A33<$H$5,A33>$J$5),"",SUMIFS(Datos!$E$5:$E$228,Datos!$A$5:$A$228,A33,Datos!$M$5:$M$228,1)) -> 533 | C33: =IF(B33="","",SUMIFS(Datos!$G$5:$G$228,Datos!$A$5:$A$228,A33,Datos!$M$5:$M$228,1)) -> 35.512 | D33: =IF(OR(B33="",C33=0),"",B33/C33) -> 15.009011 | E33: =IF(COUNTIFS(Datos!$A$5:$A$228,A33,Datos!$M$5:$M$228,1,Datos!$Q$5:$Q$228,">0")=0,"Pendiente GPS",_xlfn.MAXIFS(Datos!$Q$5:$Q$228,Datos!$A$5:$A$228,A33,Datos!$M$5:$M$228,1)) -> Pendiente GPS | F33: =COUNTIFS($A$53:$A$180,A33,$C$53:$C$180,"Volquete",$H$53:$H$180,"Movimiento") -> 4 | G33: =COUNTIFS($A$53:$A$180,A33,$C$53:$C$180,"Volquete",$H$53:$H$180,"Stand by*") -> 0 | H33: =IF(B33="","",SUMIFS(Datos!$H$5:$H$228,Datos!$A$5:$A$228,A33,Datos!$M$5:$M$228,1)) -> 6
A34: =A33+1 -> 46277 | B34: =IF(OR(A34<$H$5,A34>$J$5),"",SUMIFS(Datos!$E$5:$E$228,Datos!$A$5:$A$228,A34,Datos!$M$5:$M$228,1)) -> 536 | C34: =IF(B34="","",SUMIFS(Datos!$G$5:$G$228,Datos!$A$5:$A$228,A34,Datos!$M$5:$M$228,1)) -> 35.817 | D34: =IF(OR(B34="",C34=0),"",B34/C34) -> 14.964961 | E34: =IF(COUNTIFS(Datos!$A$5:$A$228,A34,Datos!$M$5:$M$228,1,Datos!$Q$5:$Q$228,">0")=0,"Pendiente GPS",_xlfn.MAXIFS(Datos!$Q$5:$Q$228,Datos!$A$5:$A$228,A34,Datos!$M$5:$M$228,1)) -> Pendiente GPS | F34: =COUNTIFS($A$53:$A$180,A34,$C$53:$C$180,"Volquete",$H$53:$H$180,"Movimiento") -> 4 | G34: =COUNTIFS($A$53:$A$180,A34,$C$53:$C$180,"Volquete",$H$53:$H$180,"Stand by*") -> 0 | H34: =IF(B34="","",SUMIFS(Datos!$H$5:$H$228,Datos!$A$5:$A$228,A34,Datos!$M$5:$M$228,1)) -> 4
A35: =A34+1 -> 46278 | B35: =IF(OR(A35<$H$5,A35>$J$5),"",SUMIFS(Datos!$E$5:$E$228,Datos!$A$5:$A$228,A35,Datos!$M$5:$M$228,1)) -> 513 | C35: =IF(B35="","",SUMIFS(Datos!$G$5:$G$228,Datos!$A$5:$A$228,A35,Datos!$M$5:$M$228,1)) -> 34.326 | D35: =IF(OR(B35="",C35=0),"",B35/C35) -> 14.94494 | E35: =IF(COUNTIFS(Datos!$A$5:$A$228,A35,Datos!$M$5:$M$228,1,Datos!$Q$5:$Q$228,">0")=0,"Pendiente GPS",_xlfn.MAXIFS(Datos!$Q$5:$Q$228,Datos!$A$5:$A$228,A35,Datos!$M$5:$M$228,1)) -> Pendiente GPS | F35: =COUNTIFS($A$53:$A$180,A35,$C$53:$C$180,"Volquete",$H$53:$H$180,"Movimiento") -> 4 | G35: =COUNTIFS($A$53:$A$180,A35,$C$53:$C$180,"Volquete",$H$53:$H$180,"Stand by*") -> 0 | H35: =IF(B35="","",SUMIFS(Datos!$H$5:$H$228,Datos!$A$5:$A$228,A35,Datos!$M$5:$M$228,1)) -> 6
A36: =A35+1 -> 46279 | B36: =IF(OR(A36<$H$5,A36>$J$5),"",SUMIFS(Datos!$E$5:$E$228,Datos!$A$5:$A$228,A36,Datos!$M$5:$M$228,1)) -> 538 | C36: =IF(B36="","",SUMIFS(Datos!$G$5:$G$228,Datos!$A$5:$A$228,A36,Datos!$M$5:$M$228,1)) -> 35.924 | D36: =IF(OR(B36="",C36=0),"",B36/C36) -> 14.976061 | E36: =IF(COUNTIFS(Datos!$A$5:$A$228,A36,Datos!$M$5:$M$228,1,Datos!$Q$5:$Q$228,">0")=0,"Pendiente GPS",_xlfn.MAXIFS(Datos!$Q$5:$Q$228,Datos!$A$5:$A$228,A36,Datos!$M$5:$M$228,1)) -> Pendiente GPS | F36: =COUNTIFS($A$53:$A$180,A36,$C$53:$C$180,"Volquete",$H$53:$H$180,"Movimiento") -> 4 | G36: =COUNTIFS($A$53:$A$180,A36,$C$53:$C$180,"Volquete",$H$53:$H$180,"Stand by*") -> 0 | H36: =IF(B36="","",SUMIFS(Datos!$H$5:$H$228,Datos!$A$5:$A$228,A36,Datos!$M$5:$M$228,1)) -> 6
A37: =A36+1 -> 46280 | B37: =IF(OR(A37<$H$5,A37>$J$5),"",SUMIFS(Datos!$E$5:$E$228,Datos!$A$5:$A$228,A37,Datos!$M$5:$M$228,1)) -> 536 | C37: =IF(B37="","",SUMIFS(Datos!$G$5:$G$228,Datos!$A$5:$A$228,A37,Datos!$M$5:$M$228,1)) -> 35.726 | D37: =IF(OR(B37="",C37=0),"",B37/C37) -> 15.003079 | E37: =IF(COUNTIFS(Datos!$A$5:$A$228,A37,Datos!$M$5:$M$228,1,Datos!$Q$5:$Q$228,">0")=0,"Pendiente GPS",_xlfn.MAXIFS(Datos!$Q$5:$Q$228,Datos!$A$5:$A$228,A37,Datos!$M$5:$M$228,1)) -> Pendiente GPS | F37: =COUNTIFS($A$53:$A$180,A37,$C$53:$C$180,"Volquete",$H$53:$H$180,"Movimiento") -> 4 | G37: =COUNTIFS($A$53:$A$180,A37,$C$53:$C$180,"Volquete",$H$53:$H$180,"Stand by*") -> 0 | H37: =IF(B37="","",SUMIFS(Datos!$H$5:$H$228,Datos!$A$5:$A$228,A37,Datos!$M$5:$M$228,1)) -> 6
A38: =A37+1 -> 46281 | B38: =IF(OR(A38<$H$5,A38>$J$5),"",SUMIFS(Datos!$E$5:$E$228,Datos!$A$5:$A$228,A38,Datos!$M$5:$M$228,1)) -> 537 | C38: =IF(B38="","",SUMIFS(Datos!$G$5:$G$228,Datos!$A$5:$A$228,A38,Datos!$M$5:$M$228,1)) -> 35.857 | D38: =IF(OR(B38="",C38=0),"",B38/C38) -> 14.976155 | E38: =IF(COUNTIFS(Datos!$A$5:$A$228,A38,Datos!$M$5:$M$228,1,Datos!$Q$5:$Q$228,">0")=0,"Pendiente GPS",_xlfn.MAXIFS(Datos!$Q$5:$Q$228,Datos!$A$5:$A$228,A38,Datos!$M$5:$M$228,1)) -> Pendiente GPS | F38: =COUNTIFS($A$53:$A$180,A38,$C$53:$C$180,"Volquete",$H$53:$H$180,"Movimiento") -> 4 | G38: =COUNTIFS($A$53:$A$180,A38,$C$53:$C$180,"Volquete",$H$53:$H$180,"Stand by*") -> 0 | H38: =IF(B38="","",SUMIFS(Datos!$H$5:$H$228,Datos!$A$5:$A$228,A38,Datos!$M$5:$M$228,1)) -> 4
A39: =A38+1 -> 46282 | B39: =IF(OR(A39<$H$5,A39>$J$5),"",SUMIFS(Datos!$E$5:$E$228,Datos!$A$5:$A$228,A39,Datos!$M$5:$M$228,1)) -> 538 | C39: =IF(B39="","",SUMIFS(Datos!$G$5:$G$228,Datos!$A$5:$A$228,A39,Datos!$M$5:$M$228,1)) -> 36.002 | D39: =IF(OR(B39="",C39=0),"",B39/C39) -> 14.943614 | E39: =IF(COUNTIFS(Datos!$A$5:$A$228,A39,Datos!$M$5:$M$228,1,Datos!$Q$5:$Q$228,">0")=0,"Pendiente GPS",_xlfn.MAXIFS(Datos!$Q$5:$Q$228,Datos!$A$5:$A$228,A39,Datos!$M$5:$M$228,1)) -> Pendiente GPS | F39: =COUNTIFS($A$53:$A$180,A39,$C$53:$C$180,"Volquete",$H$53:$H$180,"Movimiento") -> 4 | G39: =COUNTIFS($A$53:$A$180,A39,$C$53:$C$180,"Volquete",$H$53:$H$180,"Stand by*") -> 0 | H39: =IF(B39="","",SUMIFS(Datos!$H$5:$H$228,Datos!$A$5:$A$228,A39,Datos!$M$5:$M$228,1)) -> 6
A40: =A39+1 -> 46283 | B40: =IF(OR(A40<$H$5,A40>$J$5),"",SUMIFS(Datos!$E$5:$E$228,Datos!$A$5:$A$228,A40,Datos!$M$5:$M$228,1)) -> 517 | C40: =IF(B40="","",SUMIFS(Datos!$G$5:$G$228,Datos!$A$5:$A$228,A40,Datos!$M$5:$M$228,1)) -> 34.421 | D40: =IF(OR(B40="",C40=0),"",B40/C40) -> 15.019901 | E40: =IF(COUNTIFS(Datos!$A$5:$A$228,A40,Datos!$M$5:$M$228,1,Datos!$Q$5:$Q$228,">0")=0,"Pendiente GPS",_xlfn.MAXIFS(Datos!$Q$5:$Q$228,Datos!$A$5:$A$228,A40,Datos!$M$5:$M$228,1)) -> Pendiente GPS | F40: =COUNTIFS($A$53:$A$180,A40,$C$53:$C$180,"Volquete",$H$53:$H$180,"Movimiento") -> 4 | G40: =COUNTIFS($A$53:$A$180,A40,$C$53:$C$180,"Volquete",$H$53:$H$180,"Stand by*") -> 0 | H40: =IF(B40="","",SUMIFS(Datos!$H$5:$H$228,Datos!$A$5:$A$228,A40,Datos!$M$5:$M$228,1)) -> 6
A41: =A40+1 -> 46284 | B41: =IF(OR(A41<$H$5,A41>$J$5),"",SUMIFS(Datos!$E$5:$E$228,Datos!$A$5:$A$228,A41,Datos!$M$5:$M$228,1)) -> 516 | C41: =IF(B41="","",SUMIFS(Datos!$G$5:$G$228,Datos!$A$5:$A$228,A41,Datos!$M$5:$M$228,1)) -> 34.504 | D41: =IF(OR(B41="",C41=0),"",B41/C41) -> 14.954788 | E41: =IF(COUNTIFS(Datos!$A$5:$A$228,A41,Datos!$M$5:$M$228,1,Datos!$Q$5:$Q$228,">0")=0,"Pendiente GPS",_xlfn.MAXIFS(Datos!$Q$5:$Q$228,Datos!$A$5:$A$228,A41,Datos!$M$5:$M$228,1)) -> Pendiente GPS | F41: =COUNTIFS($A$53:$A$180,A41,$C$53:$C$180,"Volquete",$H$53:$H$180,"Movimiento") -> 4 | G41: =COUNTIFS($A$53:$A$180,A41,$C$53:$C$180,"Volquete",$H$53:$H$180,"Stand by*") -> 0 | H41: =IF(B41="","",SUMIFS(Datos!$H$5:$H$228,Datos!$A$5:$A$228,A41,Datos!$M$5:$M$228,1)) -> 6
A42: =A41+1 -> 46285 | B42: =IF(OR(A42<$H$5,A42>$J$5),"",SUMIFS(Datos!$E$5:$E$228,Datos!$A$5:$A$228,A42,Datos!$M$5:$M$228,1)) -> 521 | C42: =IF(B42="","",SUMIFS(Datos!$G$5:$G$228,Datos!$A$5:$A$228,A42,Datos!$M$5:$M$228,1)) -> 34.716 | D42: =IF(OR(B42="",C42=0),"",B42/C42) -> 15.007489 | E42: =IF(COUNTIFS(Datos!$A$5:$A$228,A42,Datos!$M$5:$M$228,1,Datos!$Q$5:$Q$228,">0")=0,"Pendiente GPS",_xlfn.MAXIFS(Datos!$Q$5:$Q$228,Datos!$A$5:$A$228,A42,Datos!$M$5:$M$228,1)) -> Pendiente GPS | F42: =COUNTIFS($A$53:$A$180,A42,$C$53:$C$180,"Volquete",$H$53:$H$180,"Movimiento") -> 4 | G42: =COUNTIFS($A$53:$A$180,A42,$C$53:$C$180,"Volquete",$H$53:$H$180,"Stand by*") -> 0 | H42: =IF(B42="","",SUMIFS(Datos!$H$5:$H$228,Datos!$A$5:$A$228,A42,Datos!$M$5:$M$228,1)) -> 4
A43: =A42+1 -> 46286 | B43: =IF(OR(A43<$H$5,A43>$J$5),"",SUMIFS(Datos!$E$5:$E$228,Datos!$A$5:$A$228,A43,Datos!$M$5:$M$228,1)) -> 542 | C43: =IF(B43="","",SUMIFS(Datos!$G$5:$G$228,Datos!$A$5:$A$228,A43,Datos!$M$5:$M$228,1)) -> 36.207 | D43: =IF(OR(B43="",C43=0),"",B43/C43) -> 14.969481 | E43: =IF(COUNTIFS(Datos!$A$5:$A$228,A43,Datos!$M$5:$M$228,1,Datos!$Q$5:$Q$228,">0")=0,"Pendiente GPS",_xlfn.MAXIFS(Datos!$Q$5:$Q$228,Datos!$A$5:$A$228,A43,Datos!$M$5:$M$228,1)) -> Pendiente GPS | F43: =COUNTIFS($A$53:$A$180,A43,$C$53:$C$180,"Volquete",$H$53:$H$180,"Movimiento") -> 4 | G43: =COUNTIFS($A$53:$A$180,A43,$C$53:$C$180,"Volquete",$H$53:$H$180,"Stand by*") -> 0 | H43: =IF(B43="","",SUMIFS(Datos!$H$5:$H$228,Datos!$A$5:$A$228,A43,Datos!$M$5:$M$228,1)) -> 6
A44: =A43+1 -> 46287 | B44: =IF(OR(A44<$H$5,A44>$J$5),"",SUMIFS(Datos!$E$5:$E$228,Datos!$A$5:$A$228,A44,Datos!$M$5:$M$228,1)) -> 547 | C44: =IF(B44="","",SUMIFS(Datos!$G$5:$G$228,Datos!$A$5:$A$228,A44,Datos!$M$5:$M$228,1)) -> 36.437 | D44: =IF(OR(B44="",C44=0),"",B44/C44) -> 15.012213 | E44: =IF(COUNTIFS(Datos!$A$5:$A$228,A44,Datos!$M$5:$M$228,1,Datos!$Q$5:$Q$228,">0")=0,"Pendiente GPS",_xlfn.MAXIFS(Datos!$Q$5:$Q$228,Datos!$A$5:$A$228,A44,Datos!$M$5:$M$228,1)) -> Pendiente GPS | F44: =COUNTIFS($A$53:$A$180,A44,$C$53:$C$180,"Volquete",$H$53:$H$180,"Movimiento") -> 4 | G44: =COUNTIFS($A$53:$A$180,A44,$C$53:$C$180,"Volquete",$H$53:$H$180,"Stand by*") -> 0 | H44: =IF(B44="","",SUMIFS(Datos!$H$5:$H$228,Datos!$A$5:$A$228,A44,Datos!$M$5:$M$228,1)) -> 6
A45: =A44+1 -> 46288 | B45: =IF(OR(A45<$H$5,A45>$J$5),"",SUMIFS(Datos!$E$5:$E$228,Datos!$A$5:$A$228,A45,Datos!$M$5:$M$228,1)) -> 543 | C45: =IF(B45="","",SUMIFS(Datos!$G$5:$G$228,Datos!$A$5:$A$228,A45,Datos!$M$5:$M$228,1)) -> 36.296 | D45: =IF(OR(B45="",C45=0),"",B45/C45) -> 14.960326 | E45: =IF(COUNTIFS(Datos!$A$5:$A$228,A45,Datos!$M$5:$M$228,1,Datos!$Q$5:$Q$228,">0")=0,"Pendiente GPS",_xlfn.MAXIFS(Datos!$Q$5:$Q$228,Datos!$A$5:$A$228,A45,Datos!$M$5:$M$228,1)) -> Pendiente GPS | F45: =COUNTIFS($A$53:$A$180,A45,$C$53:$C$180,"Volquete",$H$53:$H$180,"Movimiento") -> 4 | G45: =COUNTIFS($A$53:$A$180,A45,$C$53:$C$180,"Volquete",$H$53:$H$180,"Stand by*") -> 0 | H45: =IF(B45="","",SUMIFS(Datos!$H$5:$H$228,Datos!$A$5:$A$228,A45,Datos!$M$5:$M$228,1)) -> 6
... A48: =A47+1 -> 46291 | B48: =IF(OR(A48<$H$5,A48>$J$5),"",SUMIFS(Datos!$E$5:$E$228,Datos!$A$5:$A$228,A48,Datos!$M$5:$M$228,1)) -> 0 | C48: =IF(B48="","",SUMIFS(Datos!$G$5:$G$228,Datos!$A$5:$A$228,A48,Datos!$M$5:$M$228,1)) -> 0 | D48: =IF(OR(B48="",C48=0),"",B48/C48) | E48: =IF(COUNTIFS(Datos!$A$5:$A$228,A48,Datos!$M$5:$M$228,1,Datos!$Q$5:$Q$228,">0")=0,"Pendiente GPS",_xlfn.MAXIFS(Datos!$Q$5:$Q$228,Datos!$A$5:$A$228,A48,Datos!$M$5:$M$228,1)) -> Pendiente GPS | F48: =COUNTIFS($A$53:$A$180,A48,$C$53:$C$180,"Volquete",$H$53:$H$180,"Movimiento") -> 0 | G48: =COUNTIFS($A$53:$A$180,A48,$C$53:$C$180,"Volquete",$H$53:$H$180,"Stand by*") -> 0 | H48: =IF(B48="","",SUMIFS(Datos!$H$5:$H$228,Datos!$A$5:$A$228,A48,Datos!$M$5:$M$228,1)) -> 0
A49: *Stand by diario: hubo horas de motor, pero 0 horas de movimiento en el período filtrado. No representa estado actual.
A50: DETALLE DIARIO POR UNIDAD · 16 FECHAS × 8 UNIDADES
L51: GRÁFICOS DINÁMICOS · FILTROS EN FILA 5
A52: Fecha | B52: Unidad | C52: Tipo | D52: km | E52: Movimiento h | F52: Media km/h | G52: Máxima GPS km/h | H52: Estado diario | I52: Motor h | J52: Registros
A53: =A33 -> 46276 | B53: VOL-01 | C53: Volquete | D53: =IF(J53=0,"",SUMIFS(Datos!$E$5:$E$228,Datos!$A$5:$A$228,A53,Datos!$B$5:$B$228,B53,Datos!$M$5:$M$228,1)) -> 130 | E53: =IF(J53=0,"",SUMIFS(Datos!$G$5:$G$228,Datos!$A$5:$A$228,A53,Datos!$B$5:$B$228,B53,Datos!$M$5:$M$228,1)) -> 8.658 | F53: =IF(OR(J53=0,E53=0),"",D53/E53) -> 15.015015 | G53: =IF(COUNTIFS(Datos!$A$5:$A$228,A53,Datos!$B$5:$B$228,B53,Datos!$M$5:$M$228,1,Datos!$Q$5:$Q$228,">0")=0,"Pendiente GPS",_xlfn.MAXIFS(Datos!$Q$5:$Q$228,Datos!$A$5:$A$228,A53,Datos!$B$5:$B$228,B53,Datos!$M$5:$M$228,1)) -> Pendiente GPS | H53: =IF(J53=0,"Sin registro",IF(E53>0,"Movimiento",IF(I53>0,"Stand by*","Sin actividad"))) -> Movimiento | I53: =IF(J53=0,"",SUMIFS(Datos!$F$5:$F$228,Datos!$A$5:$A$228,A53,Datos!$B$5:$B$228,B53,Datos!$M$5:$M$228,1)) -> 13.5 | J53: =COUNTIFS(Datos!$A$5:$A$228,A53,Datos!$B$5:$B$228,B53,Datos!$M$5:$M$228,1) -> 2
A54: =A33 -> 46276 | B54: VOL-02 | C54: Volquete | D54: =IF(J54=0,"",SUMIFS(Datos!$E$5:$E$228,Datos!$A$5:$A$228,A54,Datos!$B$5:$B$228,B54,Datos!$M$5:$M$228,1)) -> 134 | E54: =IF(J54=0,"",SUMIFS(Datos!$G$5:$G$228,Datos!$A$5:$A$228,A54,Datos!$B$5:$B$228,B54,Datos!$M$5:$M$228,1)) -> 8.919 | F54: =IF(OR(J54=0,E54=0),"",D54/E54) -> 15.024106 | G54: =IF(COUNTIFS(Datos!$A$5:$A$228,A54,Datos!$B$5:$B$228,B54,Datos!$M$5:$M$228,1,Datos!$Q$5:$Q$228,">0")=0,"Pendiente GPS",_xlfn.MAXIFS(Datos!$Q$5:$Q$228,Datos!$A$5:$A$228,A54,Datos!$B$5:$B$228,B54,Datos!$M$5:$M$228,1)) -> Pendiente GPS | H54: =IF(J54=0,"Sin registro",IF(E54>0,"Movimiento",IF(I54>0,"Stand by*","Sin actividad"))) -> Movimiento | I54: =IF(J54=0,"",SUMIFS(Datos!$F$5:$F$228,Datos!$A$5:$A$228,A54,Datos!$B$5:$B$228,B54,Datos!$M$5:$M$228,1)) -> 14.4 | J54: =COUNTIFS(Datos!$A$5:$A$228,A54,Datos!$B$5:$B$228,B54,Datos!$M$5:$M$228,1) -> 2
A55: =A33 -> 46276 | B55: VOL-03 | C55: Volquete | D55: =IF(J55=0,"",SUMIFS(Datos!$E$5:$E$228,Datos!$A$5:$A$228,A55,Datos!$B$5:$B$228,B55,Datos!$M$5:$M$228,1)) -> 133 | E55: =IF(J55=0,"",SUMIFS(Datos!$G$5:$G$228,Datos!$A$5:$A$228,A55,Datos!$B$5:$B$228,B55,Datos!$M$5:$M$228,1)) -> 8.901 | F55: =IF(OR(J55=0,E55=0),"",D55/E55) -> 14.942141 | G55: =IF(COUNTIFS(Datos!$A$5:$A$228,A55,Datos!$B$5:$B$228,B55,Datos!$M$5:$M$228,1,Datos!$Q$5:$Q$228,">0")=0,"Pendiente GPS",_xlfn.MAXIFS(Datos!$Q$5:$Q$228,Datos!$A$5:$A$228,A55,Datos!$B$5:$B$228,B55,Datos!$M$5:$M$228,1)) -> Pendiente GPS | H55: =IF(J55=0,"Sin registro",IF(E55>0,"Movimiento",IF(I55>0,"Stand by*","Sin actividad"))) -> Movimiento | I55: =IF(J55=0,"",SUMIFS(Datos!$F$5:$F$228,Datos!$A$5:$A$228,A55,Datos!$B$5:$B$228,B55,Datos!$M$5:$M$228,1)) -> 15.3 | J55: =COUNTIFS(Datos!$A$5:$A$228,A55,Datos!$B$5:$B$228,B55,Datos!$M$5:$M$228,1) -> 2
A56: =A33 -> 46276 | B56: VOL-04 | C56: Volquete | D56: =IF(J56=0,"",SUMIFS(Datos!$E$5:$E$228,Datos!$A$5:$A$228,A56,Datos!$B$5:$B$228,B56,Datos!$M$5:$M$228,1)) -> 136 | E56: =IF(J56=0,"",SUMIFS(Datos!$G$5:$G$228,Datos!$A$5:$A$228,A56,Datos!$B$5:$B$228,B56,Datos!$M$5:$M$228,1)) -> 9.034 | F56: =IF(OR(J56=0,E56=0),"",D56/E56) -> 15.05424 | G56: =IF(COUNTIFS(Datos!$A$5:$A$228,A56,Datos!$B$5:$B$228,B56,Datos!$M$5:$M$228,1,Datos!$Q$5:$Q$228,">0")=0,"Pendiente GPS",_xlfn.MAXIFS(Datos!$Q$5:$Q$228,Datos!$A$5:$A$228,A56,Datos!$B$5:$B$228,B56,Datos!$M$5:$M$228,1)) -> Pendiente GPS | H56: =IF(J56=0,"Sin registro",IF(E56>0,"Movimiento",IF(I56>0,"Stand by*","Sin actividad"))) -> Movimiento | I56: =IF(J56=0,"",SUMIFS(Datos!$F$5:$F$228,Datos!$A$5:$A$228,A56,Datos!$B$5:$B$228,B56,Datos!$M$5:$M$228,1)) -> 13.7 | J56: =COUNTIFS(Datos!$A$5:$A$228,A56,Datos!$B$5:$B$228,B56,Datos!$M$5:$M$228,1) -> 2
A57: =A33 -> 46276 | B57: CAM-01 | C57: Camioneta | D57: =IF(J57=0,"",SUMIFS(Datos!$E$5:$E$228,Datos!$A$5:$A$228,A57,Datos!$B$5:$B$228,B57,Datos!$M$5:$M$228,1)) | E57: =IF(J57=0,"",SUMIFS(Datos!$G$5:$G$228,Datos!$A$5:$A$228,A57,Datos!$B$5:$B$228,B57,Datos!$M$5:$M$228,1)) | F57: =IF(OR(J57=0,E57=0),"",D57/E57) | G57: =IF(COUNTIFS(Datos!$A$5:$A$228,A57,Datos!$B$5:$B$228,B57,Datos!$M$5:$M$228,1,Datos!$Q$5:$Q$228,">0")=0,"Pendiente GPS",_xlfn.MAXIFS(Datos!$Q$5:$Q$228,Datos!$A$5:$A$228,A57,Datos!$B$5:$B$228,B57,Datos!$M$5:$M$228,1)) -> Pendiente GPS | H57: =IF(J57=0,"Sin registro",IF(E57>0,"Movimiento",IF(I57>0,"Stand by*","Sin actividad"))) -> Sin registro | I57: =IF(J57=0,"",SUMIFS(Datos!$F$5:$F$228,Datos!$A$5:$A$228,A57,Datos!$B$5:$B$228,B57,Datos!$M$5:$M$228,1)) | J57: =COUNTIFS(Datos!$A$5:$A$228,A57,Datos!$B$5:$B$228,B57,Datos!$M$5:$M$228,1) -> 0
A58: =A33 -> 46276 | B58: CAM-02 | C58: Camioneta | D58: =IF(J58=0,"",SUMIFS(Datos!$E$5:$E$228,Datos!$A$5:$A$228,A58,Datos!$B$5:$B$228,B58,Datos!$M$5:$M$228,1)) | E58: =IF(J58=0,"",SUMIFS(Datos!$G$5:$G$228,Datos!$A$5:$A$228,A58,Datos!$B$5:$B$228,B58,Datos!$M$5:$M$228,1)) | F58: =IF(OR(J58=0,E58=0),"",D58/E58) | G58: =IF(COUNTIFS(Datos!$A$5:$A$228,A58,Datos!$B$5:$B$228,B58,Datos!$M$5:$M$228,1,Datos!$Q$5:$Q$228,">0")=0,"Pendiente GPS",_xlfn.MAXIFS(Datos!$Q$5:$Q$228,Datos!$A$5:$A$228,A58,Datos!$B$5:$B$228,B58,Datos!$M$5:$M$228,1)) -> Pendiente GPS | H58: =IF(J58=0,"Sin registro",IF(E58>0,"Movimiento",IF(I58>0,"Stand by*","Sin actividad"))) -> Sin registro | I58: =IF(J58=0,"",SUMIFS(Datos!$F$5:$F$228,Datos!$A$5:$A$228,A58,Datos!$B$5:$B$228,B58,Datos!$M$5:$M$228,1)) | J58: =COUNTIFS(Datos!$A$5:$A$228,A58,Datos!$B$5:$B$228,B58,Datos!$M$5:$M$228,1) -> 0
A59: =A33 -> 46276 | B59: MIN-01 | C59: Minibús | D59: =IF(J59=0,"",SUMIFS(Datos!$E$5:$E$228,Datos!$A$5:$A$228,A59,Datos!$B$5:$B$228,B59,Datos!$M$5:$M$228,1)) | E59: =IF(J59=0,"",SUMIFS(Datos!$G$5:$G$228,Datos!$A$5:$A$228,A59,Datos!$B$5:$B$228,B59,Datos!$M$5:$M$228,1)) | F59: =IF(OR(J59=0,E59=0),"",D59/E59) | G59: =IF(COUNTIFS(Datos!$A$5:$A$228,A59,Datos!$B$5:$B$228,B59,Datos!$M$5:$M$228,1,Datos!$Q$5:$Q$228,">0")=0,"Pendiente GPS",_xlfn.MAXIFS(Datos!$Q$5:$Q$228,Datos!$A$5:$A$228,A59,Datos!$B$5:$B$228,B59,Datos!$M$5:$M$228,1)) -> Pendiente GPS | H59: =IF(J59=0,"Sin registro",IF(E59>0,"Movimiento",IF(I59>0,"Stand by*","Sin actividad"))) -> Sin registro | I59: =IF(J59=0,"",SUMIFS(Datos!$F$5:$F$228,Datos!$A$5:$A$228,A59,Datos!$B$5:$B$228,B59,Datos!$M$5:$M$228,1)) | J59: =COUNTIFS(Datos!$A$5:$A$228,A59,Datos!$B$5:$B$228,B59,Datos!$M$5:$M$228,1) -> 0
A60: =A33 -> 46276 | B60: COM-01 | C60: Combi | D60: =IF(J60=0,"",SUMIFS(Datos!$E$5:$E$228,Datos!$A$5:$A$228,A60,Datos!$B$5:$B$228,B60,Datos!$M$5:$M$228,1)) | E60: =IF(J60=0,"",SUMIFS(Datos!$G$5:$G$228,Datos!$A$5:$A$228,A60,Datos!$B$5:$B$228,B60,Datos!$M$5:$M$228,1)) | F60: =IF(OR(J60=0,E60=0),"",D60/E60) | G60: =IF(COUNTIFS(Datos!$A$5:$A$228,A60,Datos!$B$5:$B$228,B60,Datos!$M$5:$M$228,1,Datos!$Q$5:$Q$228,">0")=0,"Pendiente GPS",_xlfn.MAXIFS(Datos!$Q$5:$Q$228,Datos!$A$5:$A$228,A60,Datos!$B$5:$B$228,B60,Datos!$M$5:$M$228,1)) -> Pendiente GPS | H60: =IF(J60=0,"Sin registro",IF(E60>0,"Movimiento",IF(I60>0,"Stand by*","Sin actividad"))) -> Sin registro | I60: =IF(J60=0,"",SUMIFS(Datos!$F$5:$F$228,Datos!$A$5:$A$228,A60,Datos!$B$5:$B$228,B60,Datos!$M$5:$M$228,1)) | J60: =COUNTIFS(Datos!$A$5:$A$228,A60,Datos!$B$5:$B$228,B60,Datos!$M$5:$M$228,1) -> 0
A61: =A34 -> 46277 | B61: VOL-01 | C61: Volquete | D61: =IF(J61=0,"",SUMIFS(Datos!$E$5:$E$228,Datos!$A$5:$A$228,A61,Datos!$B$5:$B$228,B61,Datos!$M$5:$M$228,1)) -> 138 | E61: =IF(J61=0,"",SUMIFS(Datos!$G$5:$G$228,Datos!$A$5:$A$228,A61,Datos!$B$5:$B$228,B61,Datos!$M$5:$M$228,1)) -> 9.224 | F61: =IF(OR(J61=0,E61=0),"",D61/E61) -> 14.960971 | G61: =IF(COUNTIFS(Datos!$A$5:$A$228,A61,Datos!$B$5:$B$228,B61,Datos!$M$5:$M$228,1,Datos!$Q$5:$Q$228,">0")=0,"Pendiente GPS",_xlfn.MAXIFS(Datos!$Q$5:$Q$228,Datos!$A$5:$A$228,A61,Datos!$B$5:$B$228,B61,Datos!$M$5:$M$228,1)) -> Pendiente GPS | H61: =IF(J61=0,"Sin registro",IF(E61>0,"Movimiento",IF(I61>0,"Stand by*","Sin actividad"))) -> Movimiento | I61: =IF(J61=0,"",SUMIFS(Datos!$F$5:$F$228,Datos!$A$5:$A$228,A61,Datos!$B$5:$B$228,B61,Datos!$M$5:$M$228,1)) -> 14.9 | J61: =COUNTIFS(Datos!$A$5:$A$228,A61,Datos!$B$5:$B$228,B61,Datos!$M$5:$M$228,1) -> 2
A62: =A34 -> 46277 | B62: VOL-02 | C62: Volquete | D62: =IF(J62=0,"",SUMIFS(Datos!$E$5:$E$228,Datos!$A$5:$A$228,A62,Datos!$B$5:$B$228,B62,Datos!$M$5:$M$228,1)) -> 117 | E62: =IF(J62=0,"",SUMIFS(Datos!$G$5:$G$228,Datos!$A$5:$A$228,A62,Datos!$B$5:$B$228,B62,Datos!$M$5:$M$228,1)) -> 7.841 | F62: =IF(OR(J62=0,E62=0),"",D62/E62) -> 14.921566 | G62: =IF(COUNTIFS(Datos!$A$5:$A$228,A62,Datos!$B$5:$B$228,B62,Datos!$M$5:$M$228,1,Datos!$Q$5:$Q$228,">0")=0,"Pendiente GPS",_xlfn.MAXIFS(Datos!$Q$5:$Q$228,Datos!$A$5:$A$228,A62,Datos!$B$5:$B$228,B62,Datos!$M$5:$M$228,1)) -> Pendiente GPS | H62: =IF(J62=0,"Sin registro",IF(E62>0,"Movimiento",IF(I62>0,"Stand by*","Sin actividad"))) -> Movimiento | I62: =IF(J62=0,"",SUMIFS(Datos!$F$5:$F$228,Datos!$A$5:$A$228,A62,Datos!$B$5:$B$228,B62,Datos!$M$5:$M$228,1)) -> 13.3 | J62: =COUNTIFS(Datos!$A$5:$A$228,A62,Datos!$B$5:$B$228,B62,Datos!$M$5:$M$228,1) -> 2
A63: =A34 -> 46277 | B63: VOL-03 | C63: Volquete | D63: =IF(J63=0,"",SUMIFS(Datos!$E$5:$E$228,Datos!$A$5:$A$228,A63,Datos!$B$5:$B$228,B63,Datos!$M$5:$M$228,1)) -> 141 | E63: =IF(J63=0,"",SUMIFS(Datos!$G$5:$G$228,Datos!$A$5:$A$228,A63,Datos!$B$5:$B$228,B63,Datos!$M$5:$M$228,1)) -> 9.364 | F63: =IF(OR(J63=0,E63=0),"",D63/E63) -> 15.057668 | G63: =IF(COUNTIFS(Datos!$A$5:$A$228,A63,Datos!$B$5:$B$228,B63,Datos!$M$5:$M$228,1,Datos!$Q$5:$Q$228,">0")=0,"Pendiente GPS",_xlfn.MAXIFS(Datos!$Q$5:$Q$228,Datos!$A$5:$A$228,A63,Datos!$B$5:$B$228,B63,Datos!$M$5:$M$228,1)) -> Pendiente GPS | H63: =IF(J63=0,"Sin registro",IF(E63>0,"Movimiento",IF(I63>0,"Stand by*","Sin actividad"))) -> Movimiento | I63: =IF(J63=0,"",SUMIFS(Datos!$F$5:$F$228,Datos!$A$5:$A$228,A63,Datos!$B$5:$B$228,B63,Datos!$M$5:$M$228,1)) -> 14.2 | J63: =COUNTIFS(Datos!$A$5:$A$228,A63,Datos!$B$5:$B$228,B63,Datos!$M$5:$M$228,1) -> 2
A64: =A34 -> 46277 | B64: VOL-04 | C64: Volquete | D64: =IF(J64=0,"",SUMIFS(Datos!$E$5:$E$228,Datos!$A$5:$A$228,A64,Datos!$B$5:$B$228,B64,Datos!$M$5:$M$228,1)) -> 140 | E64: =IF(J64=0,"",SUMIFS(Datos!$G$5:$G$228,Datos!$A$5:$A$228,A64,Datos!$B$5:$B$228,B64,Datos!$M$5:$M$228,1)) -> 9.388 | F64: =IF(OR(J64=0,E64=0),"",D64/E64) -> 14.912654 | G64: =IF(COUNTIFS(Datos!$A$5:$A$228,A64,Datos!$B$5:$B$228,B64,Datos!$M$5:$M$228,1,Datos!$Q$5:$Q$228,">0")=0,"Pendiente GPS",_xlfn.MAXIFS(Datos!$Q$5:$Q$228,Datos!$A$5:$A$228,A64,Datos!$B$5:$B$228,B64,Datos!$M$5:$M$228,1)) -> Pendiente GPS | H64: =IF(J64=0,"Sin registro",IF(E64>0,"Movimiento",IF(I64>0,"Stand by*","Sin actividad"))) -> Movimiento | I64: =IF(J64=0,"",SUMIFS(Datos!$F$5:$F$228,Datos!$A$5:$A$228,A64,Datos!$B$5:$B$228,B64,Datos!$M$5:$M$228,1)) -> 15.1 | J64: =COUNTIFS(Datos!$A$5:$A$228,A64,Datos!$B$5:$B$228,B64,Datos!$M$5:$M$228,1) -> 2
A65: =A34 -> 46277 | B65: CAM-01 | C65: Camioneta | D65: =IF(J65=0,"",SUMIFS(Datos!$E$5:$E$228,Datos!$A$5:$A$228,A65,Datos!$B$5:$B$228,B65,Datos!$M$5:$M$228,1)) | E65: =IF(J65=0,"",SUMIFS(Datos!$G$5:$G$228,Datos!$A$5:$A$228,A65,Datos!$B$5:$B$228,B65,Datos!$M$5:$M$228,1)) | F65: =IF(OR(J65=0,E65=0),"",D65/E65) | G65: =IF(COUNTIFS(Datos!$A$5:$A$228,A65,Datos!$B$5:$B$228,B65,Datos!$M$5:$M$228,1,Datos!$Q$5:$Q$228,">0")=0,"Pendiente GPS",_xlfn.MAXIFS(Datos!$Q$5:$Q$228,Datos!$A$5:$A$228,A65,Datos!$B$5:$B$228,B65,Datos!$M$5:$M$228,1)) -> Pendiente GPS | H65: =IF(J65=0,"Sin registro",IF(E65>0,"Movimiento",IF(I65>0,"Stand by*","Sin actividad"))) -> Sin registro | I65: =IF(J65=0,"",SUMIFS(Datos!$F$5:$F$228,Datos!$A$5:$A$228,A65,Datos!$B$5:$B$228,B65,Datos!$M$5:$M$228,1)) | J65: =COUNTIFS(Datos!$A$5:$A$228,A65,Datos!$B$5:$B$228,B65,Datos!$M$5:$M$228,1) -> 0
A66: =A34 -> 46277 | B66: CAM-02 | C66: Camioneta | D66: =IF(J66=0,"",SUMIFS(Datos!$E$5:$E$228,Datos!$A$5:$A$228,A66,Datos!$B$5:$B$228,B66,Datos!$M$5:$M$228,1)) | E66: =IF(J66=0,"",SUMIFS(Datos!$G$5:$G$228,Datos!$A$5:$A$228,A66,Datos!$B$5:$B$228,B66,Datos!$M$5:$M$228,1)) | F66: =IF(OR(J66=0,E66=0),"",D66/E66) | G66: =IF(COUNTIFS(Datos!$A$5:$A$228,A66,Datos!$B$5:$B$228,B66,Datos!$M$5:$M$228,1,Datos!$Q$5:$Q$228,">0")=0,"Pendiente GPS",_xlfn.MAXIFS(Datos!$Q$5:$Q$228,Datos!$A$5:$A$228,A66,Datos!$B$5:$B$228,B66,Datos!$M$5:$M$228,1)) -> Pendiente GPS | H66: =IF(J66=0,"Sin registro",IF(E66>0,"Movimiento",IF(I66>0,"Stand by*","Sin actividad"))) -> Sin registro | I66: =IF(J66=0,"",SUMIFS(Datos!$F$5:$F$228,Datos!$A$5:$A$228,A66,Datos!$B$5:$B$228,B66,Datos!$M$5:$M$228,1)) | J66: =COUNTIFS(Datos!$A$5:$A$228,A66,Datos!$B$5:$B$228,B66,Datos!$M$5:$M$228,1) -> 0
A67: =A34 -> 46277 | B67: MIN-01 | C67: Minibús | D67: =IF(J67=0,"",SUMIFS(Datos!$E$5:$E$228,Datos!$A$5:$A$228,A67,Datos!$B$5:$B$228,B67,Datos!$M$5:$M$228,1)) | E67: =IF(J67=0,"",SUMIFS(Datos!$G$5:$G$228,Datos!$A$5:$A$228,A67,Datos!$B$5:$B$228,B67,Datos!$M$5:$M$228,1)) | F67: =IF(OR(J67=0,E67=0),"",D67/E67) | G67: =IF(COUNTIFS(Datos!$A$5:$A$228,A67,Datos!$B$5:$B$228,B67,Datos!$M$5:$M$228,1,Datos!$Q$5:$Q$228,">0")=0,"Pendiente GPS",_xlfn.MAXIFS(Datos!$Q$5:$Q$228,Datos!$A$5:$A$228,A67,Datos!$B$5:$B$228,B67,Datos!$M$5:$M$228,1)) -> Pendiente GPS | H67: =IF(J67=0,"Sin registro",IF(E67>0,"Movimiento",IF(I67>0,"Stand by*","Sin actividad"))) -> Sin registro | I67: =IF(J67=0,"",SUMIFS(Datos!$F$5:$F$228,Datos!$A$5:$A$228,A67,Datos!$B$5:$B$228,B67,Datos!$M$5:$M$228,1)) | J67: =COUNTIFS(Datos!$A$5:$A$228,A67,Datos!$B$5:$B$228,B67,Datos!$M$5:$M$228,1) -> 0
A68: =A34 -> 46277 | B68: COM-01 | C68: Combi | D68: =IF(J68=0,"",SUMIFS(Datos!$E$5:$E$228,Datos!$A$5:$A$228,A68,Datos!$B$5:$B$228,B68,Datos!$M$5:$M$228,1)) | E68: =IF(J68=0,"",SUMIFS(Datos!$G$5:$G$228,Datos!$A$5:$A$228,A68,Datos!$B$5:$B$228,B68,Datos!$M$5:$M$228,1)) | F68: =IF(OR(J68=0,E68=0),"",D68/E68) | G68: =IF(COUNTIFS(Datos!$A$5:$A$228,A68,Datos!$B$5:$B$228,B68,Datos!$M$5:$M$228,1,Datos!$Q$5:$Q$228,">0")=0,"Pendiente GPS",_xlfn.MAXIFS(Datos!$Q$5:$Q$228,Datos!$A$5:$A$228,A68,Datos!$B$5:$B$228,B68,Datos!$M$5:$M$228,1)) -> Pendiente GPS | H68: =IF(J68=0,"Sin registro",IF(E68>0,"Movimiento",IF(I68>0,"Stand by*","Sin actividad"))) -> Sin registro | I68: =IF(J68=0,"",SUMIFS(Datos!$F$5:$F$228,Datos!$A$5:$A$228,A68,Datos!$B$5:$B$228,B68,Datos!$M$5:$M$228,1)) | J68: =COUNTIFS(Datos!$A$5:$A$228,A68,Datos!$B$5:$B$228,B68,Datos!$M$5:$M$228,1) -> 0
A69: =A35 -> 46278 | B69: VOL-01 | C69: Volquete | D69: =IF(J69=0,"",SUMIFS(Datos!$E$5:$E$228,Datos!$A$5:$A$228,A69,Datos!$B$5:$B$228,B69,Datos!$M$5:$M$228,1)) -> 122 | E69: =IF(J69=0,"",SUMIFS(Datos!$G$5:$G$228,Datos!$A$5:$A$228,A69,Datos!$B$5:$B$228,B69,Datos!$M$5:$M$228,1)) -> 8.136 | F69: =IF(OR(J69=0,E69=0),"",D69/E69) -> 14.995084 | G69: =IF(COUNTIFS(Datos!$A$5:$A$228,A69,Datos!$B$5:$B$228,B69,Datos!$M$5:$M$228,1,Datos!$Q$5:$Q$228,">0")=0,"Pendiente GPS",_xlfn.MAXIFS(Datos!$Q$5:$Q$228,Datos!$A$5:$A$228,A69,Datos!$B$5:$B$228,B69,Datos!$M$5:$M$228,1)) -> Pendiente GPS | H69: =IF(J69=0,"Sin registro",IF(E69>0,"Movimiento",IF(I69>0,"Stand by*","Sin actividad"))) -> Movimiento | I69: =IF(J69=0,"",SUMIFS(Datos!$F$5:$F$228,Datos!$A$5:$A$228,A69,Datos!$B$5:$B$228,B69,Datos!$M$5:$M$228,1)) -> 13.8 | J69: =COUNTIFS(Datos!$A$5:$A$228,A69,Datos!$B$5:$B$228,B69,Datos!$M$5:$M$228,1) -> 2
A70: =A35 -> 46278 | B70: VOL-02 | C70: Volquete | D70: =IF(J70=0,"",SUMIFS(Datos!$E$5:$E$228,Datos!$A$5:$A$228,A70,Datos!$B$5:$B$228,B70,Datos!$M$5:$M$228,1)) -> 145 | E70: =IF(J70=0,"",SUMIFS(Datos!$G$5:$G$228,Datos!$A$5:$A$228,A70,Datos!$B$5:$B$228,B70,Datos!$M$5:$M$228,1)) -> 9.689 | F70: =IF(OR(J70=0,E70=0),"",D70/E70) -> 14.965425 | G70: =IF(COUNTIFS(Datos!$A$5:$A$228,A70,Datos!$B$5:$B$228,B70,Datos!$M$5:$M$228,1,Datos!$Q$5:$Q$228,">0")=0,"Pendiente GPS",_xlfn.MAXIFS(Datos!$Q$5:$Q$228,Datos!$A$5:$A$228,A70,Datos!$B$5:$B$228,B70,Datos!$M$5:$M$228,1)) -> Pendiente GPS | H70: =IF(J70=0,"Sin registro",IF(E70>0,"Movimiento",IF(I70>0,"Stand by*","Sin actividad"))) -> Movimiento | I70: =IF(J70=0,"",SUMIFS(Datos!$F$5:$F$228,Datos!$A$5:$A$228,A70,Datos!$B$5:$B$228,B70,Datos!$M$5:$M$228,1)) -> 14.7 | J70: =COUNTIFS(Datos!$A$5:$A$228,A70,Datos!$B$5:$B$228,B70,Datos!$M$5:$M$228,1) -> 2
A71: =A35 -> 46278 | B71: VOL-03 | C71: Volquete | D71: =IF(J71=0,"",SUMIFS(Datos!$E$5:$E$228,Datos!$A$5:$A$228,A71,Datos!$B$5:$B$228,B71,Datos!$M$5:$M$228,1)) -> 123 | E71: =IF(J71=0,"",SUMIFS(Datos!$G$5:$G$228,Datos!$A$5:$A$228,A71,Datos!$B$5:$B$228,B71,Datos!$M$5:$M$228,1)) -> 8.248 | F71: =IF(OR(J71=0,E71=0),"",D71/E71) -> 14.912706 | G71: =IF(COUNTIFS(Datos!$A$5:$A$228,A71,Datos!$B$5:$B$228,B71,Datos!$M$5:$M$228,1,Datos!$Q$5:$Q$228,">0")=0,"Pendiente GPS",_xlfn.MAXIFS(Datos!$Q$5:$Q$228,Datos!$A$5:$A$228,A71,Datos!$B$5:$B$228,B71,Datos!$M$5:$M$228,1)) -> Pendiente GPS | H71: =IF(J71=0,"Sin registro",IF(E71>0,"Movimiento",IF(I71>0,"Stand by*","Sin actividad"))) -> Movimiento | I71: =IF(J71=0,"",SUMIFS(Datos!$F$5:$F$228,Datos!$A$5:$A$228,A71,Datos!$B$5:$B$228,B71,Datos!$M$5:$M$228,1)) -> 13.1 | J71: =COUNTIFS(Datos!$A$5:$A$228,A71,Datos!$B$5:$B$228,B71,Datos!$M$5:$M$228,1) -> 2
A72: =A35 -> 46278 | B72: VOL-04 | C72: Volquete | D72: =IF(J72=0,"",SUMIFS(Datos!$E$5:$E$228,Datos!$A$5:$A$228,A72,Datos!$B$5:$B$228,B72,Datos!$M$5:$M$228,1)) -> 123 | E72: =IF(J72=0,"",SUMIFS(Datos!$G$5:$G$228,Datos!$A$5:$A$228,A72,Datos!$B$5:$B$228,B72,Datos!$M$5:$M$228,1)) -> 8.253 | F72: =IF(OR(J72=0,E72=0),"",D72/E72) -> 14.903671 | G72: =IF(COUNTIFS(Datos!$A$5:$A$228,A72,Datos!$B$5:$B$228,B72,Datos!$M$5:$M$228,1,Datos!$Q$5:$Q$228,">0")=0,"Pendiente GPS",_xlfn.MAXIFS(Datos!$Q$5:$Q$228,Datos!$A$5:$A$228,A72,Datos!$B$5:$B$228,B72,Datos!$M$5:$M$228,1)) -> Pendiente GPS | H72: =IF(J72=0,"Sin registro",IF(E72>0,"Movimiento",IF(I72>0,"Stand by*","Sin actividad"))) -> Movimiento | I72: =IF(J72=0,"",SUMIFS(Datos!$F$5:$F$228,Datos!$A$5:$A$228,A72,Datos!$B$5:$B$228,B72,Datos!$M$5:$M$228,1)) -> 14 | J72: =COUNTIFS(Datos!$A$5:$A$228,A72,Datos!$B$5:$B$228,B72,Datos!$M$5:$M$228,1) -> 2
A73: =A35 -> 46278 | B73: CAM-01 | C73: Camioneta | D73: =IF(J73=0,"",SUMIFS(Datos!$E$5:$E$228,Datos!$A$5:$A$228,A73,Datos!$B$5:$B$228,B73,Datos!$M$5:$M$228,1)) | E73: =IF(J73=0,"",SUMIFS(Datos!$G$5:$G$228,Datos!$A$5:$A$228,A73,Datos!$B$5:$B$228,B73,Datos!$M$5:$M$228,1)) | F73: =IF(OR(J73=0,E73=0),"",D73/E73) | G73: =IF(COUNTIFS(Datos!$A$5:$A$228,A73,Datos!$B$5:$B$228,B73,Datos!$M$5:$M$228,1,Datos!$Q$5:$Q$228,">0")=0,"Pendiente GPS",_xlfn.MAXIFS(Datos!$Q$5:$Q$228,Datos!$A$5:$A$228,A73,Datos!$B$5:$B$228,B73,Datos!$M$5:$M$228,1)) -> Pendiente GPS | H73: =IF(J73=0,"Sin registro",IF(E73>0,"Movimiento",IF(I73>0,"Stand by*","Sin actividad"))) -> Sin registro | I73: =IF(J73=0,"",SUMIFS(Datos!$F$5:$F$228,Datos!$A$5:$A$228,A73,Datos!$B$5:$B$228,B73,Datos!$M$5:$M$228,1)) | J73: =COUNTIFS(Datos!$A$5:$A$228,A73,Datos!$B$5:$B$228,B73,Datos!$M$5:$M$228,1) -> 0
A74: =A35 -> 46278 | B74: CAM-02 | C74: Camioneta | D74: =IF(J74=0,"",SUMIFS(Datos!$E$5:$E$228,Datos!$A$5:$A$228,A74,Datos!$B$5:$B$228,B74,Datos!$M$5:$M$228,1)) | E74: =IF(J74=0,"",SUMIFS(Datos!$G$5:$G$228,Datos!$A$5:$A$228,A74,Datos!$B$5:$B$228,B74,Datos!$M$5:$M$228,1)) | F74: =IF(OR(J74=0,E74=0),"",D74/E74) | G74: =IF(COUNTIFS(Datos!$A$5:$A$228,A74,Datos!$B$5:$B$228,B74,Datos!$M$5:$M$228,1,Datos!$Q$5:$Q$228,">0")=0,"Pendiente GPS",_xlfn.MAXIFS(Datos!$Q$5:$Q$228,Datos!$A$5:$A$228,A74,Datos!$B$5:$B$228,B74,Datos!$M$5:$M$228,1)) -> Pendiente GPS | H74: =IF(J74=0,"Sin registro",IF(E74>0,"Movimiento",IF(I74>0,"Stand by*","Sin actividad"))) -> Sin registro | I74: =IF(J74=0,"",SUMIFS(Datos!$F$5:$F$228,Datos!$A$5:$A$228,A74,Datos!$B$5:$B$228,B74,Datos!$M$5:$M$228,1)) | J74: =COUNTIFS(Datos!$A$5:$A$228,A74,Datos!$B$5:$B$228,B74,Datos!$M$5:$M$228,1) -> 0
A75: =A35 -> 46278 | B75: MIN-01 | C75: Minibús | D75: =IF(J75=0,"",SUMIFS(Datos!$E$5:$E$228,Datos!$A$5:$A$228,A75,Datos!$B$5:$B$228,B75,Datos!$M$5:$M$228,1)) | E75: =IF(J75=0,"",SUMIFS(Datos!$G$5:$G$228,Datos!$A$5:$A$228,A75,Datos!$B$5:$B$228,B75,Datos!$M$5:$M$228,1)) | F75: =IF(OR(J75=0,E75=0),"",D75/E75) | G75: =IF(COUNTIFS(Datos!$A$5:$A$228,A75,Datos!$B$5:$B$228,B75,Datos!$M$5:$M$228,1,Datos!$Q$5:$Q$228,">0")=0,"Pendiente GPS",_xlfn.MAXIFS(Datos!$Q$5:$Q$228,Datos!$A$5:$A$228,A75,Datos!$B$5:$B$228,B75,Datos!$M$5:$M$228,1)) -> Pendiente GPS | H75: =IF(J75=0,"Sin registro",IF(E75>0,"Movimiento",IF(I75>0,"Stand by*","Sin actividad"))) -> Sin registro | I75: =IF(J75=0,"",SUMIFS(Datos!$F$5:$F$228,Datos!$A$5:$A$228,A75,Datos!$B$5:$B$228,B75,Datos!$M$5:$M$228,1)) | J75: =COUNTIFS(Datos!$A$5:$A$228,A75,Datos!$B$5:$B$228,B75,Datos!$M$5:$M$228,1) -> 0
A76: =A35 -> 46278 | B76: COM-01 | C76: Combi | D76: =IF(J76=0,"",SUMIFS(Datos!$E$5:$E$228,Datos!$A$5:$A$228,A76,Datos!$B$5:$B$228,B76,Datos!$M$5:$M$228,1)) | E76: =IF(J76=0,"",SUMIFS(Datos!$G$5:$G$228,Datos!$A$5:$A$228,A76,Datos!$B$5:$B$228,B76,Datos!$M$5:$M$228,1)) | F76: =IF(OR(J76=0,E76=0),"",D76/E76) | G76: =IF(COUNTIFS(Datos!$A$5:$A$228,A76,Datos!$B$5:$B$228,B76,Datos!$M$5:$M$228,1,Datos!$Q$5:$Q$228,">0")=0,"Pendiente GPS",_xlfn.MAXIFS(Datos!$Q$5:$Q$228,Datos!$A$5:$A$228,A76,Datos!$B$5:$B$228,B76,Datos!$M$5:$M$228,1)) -> Pendiente GPS | H76: =IF(J76=0,"Sin registro",IF(E76>0,"Movimiento",IF(I76>0,"Stand by*","Sin actividad"))) -> Sin registro | I76: =IF(J76=0,"",SUMIFS(Datos!$F$5:$F$228,Datos!$A$5:$A$228,A76,Datos!$B$5:$B$228,B76,Datos!$M$5:$M$228,1)) | J76: =COUNTIFS(Datos!$A$5:$A$228,A76,Datos!$B$5:$B$228,B76,Datos!$M$5:$M$228,1) -> 0
A77: =A36 -> 46279 | B77: VOL-01 | C77: Volquete | D77: =IF(J77=0,"",SUMIFS(Datos!$E$5:$E$228,Datos!$A$5:$A$228,A77,Datos!$B$5:$B$228,B77,Datos!$M$5:$M$228,1)) -> 150 | E77: =IF(J77=0,"",SUMIFS(Datos!$G$5:$G$228,Datos!$A$5:$A$228,A77,Datos!$B$5:$B$228,B77,Datos!$M$5:$M$228,1)) -> 10.019 | F77: =IF(OR(J77=0,E77=0),"",D77/E77) -> 14.971554 | G77: =IF(COUNTIFS(Datos!$A$5:$A$228,A77,Datos!$B$5:$B$228,B77,Datos!$M$5:$M$228,1,Datos!$Q$5:$Q$228,">0")=0,"Pendiente GPS",_xlfn.MAXIFS(Datos!$Q$5:$Q$228,Datos!$A$5:$A$228,A77,Datos!$B$5:$B$228,B77,Datos!$M$5:$M$228,1)) -> Pendiente GPS | H77: =IF(J77=0,"Sin registro",IF(E77>0,"Movimiento",IF(I77>0,"Stand by*","Sin actividad"))) -> Movimiento | I77: =IF(J77=0,"",SUMIFS(Datos!$F$5:$F$228,Datos!$A$5:$A$228,A77,Datos!$B$5:$B$228,B77,Datos!$M$5:$M$228,1)) -> 15.2 | J77: =COUNTIFS(Datos!$A$5:$A$228,A77,Datos!$B$5:$B$228,B77,Datos!$M$5:$M$228,1) -> 2
A78: =A36 -> 46279 | B78: VOL-02 | C78: Volquete | D78: =IF(J78=0,"",SUMIFS(Datos!$E$5:$E$228,Datos!$A$5:$A$228,A78,Datos!$B$5:$B$228,B78,Datos!$M$5:$M$228,1)) -> 128 | E78: =IF(J78=0,"",SUMIFS(Datos!$G$5:$G$228,Datos!$A$5:$A$228,A78,Datos!$B$5:$B$228,B78,Datos!$M$5:$M$228,1)) -> 8.563 | F78: =IF(OR(J78=0,E78=0),"",D78/E78) -> 14.948032 | G78: =IF(COUNTIFS(Datos!$A$5:$A$228,A78,Datos!$B$5:$B$228,B78,Datos!$M$5:$M$228,1,Datos!$Q$5:$Q$228,">0")=0,"Pendiente GPS",_xlfn.MAXIFS(Datos!$Q$5:$Q$228,Datos!$A$5:$A$228,A78,Datos!$B$5:$B$228,B78,Datos!$M$5:$M$228,1)) -> Pendiente GPS | H78: =IF(J78=0,"Sin registro",IF(E78>0,"Movimiento",IF(I78>0,"Stand by*","Sin actividad"))) -> Movimiento | I78: =IF(J78=0,"",SUMIFS(Datos!$F$5:$F$228,Datos!$A$5:$A$228,A78,Datos!$B$5:$B$228,B78,Datos!$M$5:$M$228,1)) -> 13.6 | J78: =COUNTIFS(Datos!$A$5:$A$228,A78,Datos!$B$5:$B$228,B78,Datos!$M$5:$M$228,1) -> 2
A79: =A36 -> 46279 | B79: VOL-03 | C79: Volquete | D79: =IF(J79=0,"",SUMIFS(Datos!$E$5:$E$228,Datos!$A$5:$A$228,A79,Datos!$B$5:$B$228,B79,Datos!$M$5:$M$228,1)) -> 128 | E79: =IF(J79=0,"",SUMIFS(Datos!$G$5:$G$228,Datos!$A$5:$A$228,A79,Datos!$B$5:$B$228,B79,Datos!$M$5:$M$228,1)) -> 8.578 | F79: =IF(OR(J79=0,E79=0),"",D79/E79) -> 14.921893 | G79: =IF(COUNTIFS(Datos!$A$5:$A$228,A79,Datos!$B$5:$B$228,B79,Datos!$M$5:$M$228,1,Datos!$Q$5:$Q$228,">0")=0,"Pendiente GPS",_xlfn.MAXIFS(Datos!$Q$5:$Q$228,Datos!$A$5:$A$228,A79,Datos!$B$5:$B$228,B79,Datos!$M$5:$M$228,1)) -> Pendiente GPS | H79: =IF(J79=0,"Sin registro",IF(E79>0,"Movimiento",IF(I79>0,"Stand by*","Sin actividad"))) -> Movimiento | I79: =IF(J79=0,"",SUMIFS(Datos!$F$5:$F$228,Datos!$A$5:$A$228,A79,Datos!$B$5:$B$228,B79,Datos!$M$5:$M$228,1)) -> 14.5 | J79: =COUNTIFS(Datos!$A$5:$A$228,A79,Datos!$B$5:$B$228,B79,Datos!$M$5:$M$228,1) -> 2
A80: =A36 -> 46279 | B80: VOL-04 | C80: Volquete | D80: =IF(J80=0,"",SUMIFS(Datos!$E$5:$E$228,Datos!$A$5:$A$228,A80,Datos!$B$5:$B$228,B80,Datos!$M$5:$M$228,1)) -> 132 | E80: =IF(J80=0,"",SUMIFS(Datos!$G$5:$G$228,Datos!$A$5:$A$228,A80,Datos!$B$5:$B$228,B80,Datos!$M$5:$M$228,1)) -> 8.764 | F80: =IF(OR(J80=0,E80=0),"",D80/E80) -> 15.061616 | G80: =IF(COUNTIFS(Datos!$A$5:$A$228,A80,Datos!$B$5:$B$228,B80,Datos!$M$5:$M$228,1,Datos!$Q$5:$Q$228,">0")=0,"Pendiente GPS",_xlfn.MAXIFS(Datos!$Q$5:$Q$228,Datos!$A$5:$A$228,A80,Datos!$B$5:$B$228,B80,Datos!$M$5:$M$228,1)) -> Pendiente GPS | H80: =IF(J80=0,"Sin registro",IF(E80>0,"Movimiento",IF(I80>0,"Stand by*","Sin actividad"))) -> Movimiento | I80: =IF(J80=0,"",SUMIFS(Datos!$F$5:$F$228,Datos!$A$5:$A$228,A80,Datos!$B$5:$B$228,B80,Datos!$M$5:$M$228,1)) -> 15.4 | J80: =COUNTIFS(Datos!$A$5:$A$228,A80,Datos!$B$5:$B$228,B80,Datos!$M$5:$M$228,1) -> 2
A81: =A36 -> 46279 | B81: CAM-01 | C81: Camioneta | D81: =IF(J81=0,"",SUMIFS(Datos!$E$5:$E$228,Datos!$A$5:$A$228,A81,Datos!$B$5:$B$228,B81,Datos!$M$5:$M$228,1)) | E81: =IF(J81=0,"",SUMIFS(Datos!$G$5:$G$228,Datos!$A$5:$A$228,A81,Datos!$B$5:$B$228,B81,Datos!$M$5:$M$228,1)) | F81: =IF(OR(J81=0,E81=0),"",D81/E81) | G81: =IF(COUNTIFS(Datos!$A$5:$A$228,A81,Datos!$B$5:$B$228,B81,Datos!$M$5:$M$228,1,Datos!$Q$5:$Q$228,">0")=0,"Pendiente GPS",_xlfn.MAXIFS(Datos!$Q$5:$Q$228,Datos!$A$5:$A$228,A81,Datos!$B$5:$B$228,B81,Datos!$M$5:$M$228,1)) -> Pendiente GPS | H81: =IF(J81=0,"Sin registro",IF(E81>0,"Movimiento",IF(I81>0,"Stand by*","Sin actividad"))) -> Sin registro | I81: =IF(J81=0,"",SUMIFS(Datos!$F$5:$F$228,Datos!$A$5:$A$228,A81,Datos!$B$5:$B$228,B81,Datos!$M$5:$M$228,1)) | J81: =COUNTIFS(Datos!$A$5:$A$228,A81,Datos!$B$5:$B$228,B81,Datos!$M$5:$M$228,1) -> 0
A82: =A36 -> 46279 | B82: CAM-02 | C82: Camioneta | D82: =IF(J82=0,"",SUMIFS(Datos!$E$5:$E$228,Datos!$A$5:$A$228,A82,Datos!$B$5:$B$228,B82,Datos!$M$5:$M$228,1)) | E82: =IF(J82=0,"",SUMIFS(Datos!$G$5:$G$228,Datos!$A$5:$A$228,A82,Datos!$B$5:$B$228,B82,Datos!$M$5:$M$228,1)) | F82: =IF(OR(J82=0,E82=0),"",D82/E82) | G82: =IF(COUNTIFS(Datos!$A$5:$A$228,A82,Datos!$B$5:$B$228,B82,Datos!$M$5:$M$228,1,Datos!$Q$5:$Q$228,">0")=0,"Pendiente GPS",_xlfn.MAXIFS(Datos!$Q$5:$Q$228,Datos!$A$5:$A$228,A82,Datos!$B$5:$B$228,B82,Datos!$M$5:$M$228,1)) -> Pendiente GPS | H82: =IF(J82=0,"Sin registro",IF(E82>0,"Movimiento",IF(I82>0,"Stand by*","Sin actividad"))) -> Sin registro | I82: =IF(J82=0,"",SUMIFS(Datos!$F$5:$F$228,Datos!$A$5:$A$228,A82,Datos!$B$5:$B$228,B82,Datos!$M$5:$M$228,1)) | J82: =COUNTIFS(Datos!$A$5:$A$228,A82,Datos!$B$5:$B$228,B82,Datos!$M$5:$M$228,1) -> 0
A83: =A36 -> 46279 | B83: MIN-01 | C83: Minibús | D83: =IF(J83=0,"",SUMIFS(Datos!$E$5:$E$228,Datos!$A$5:$A$228,A83,Datos!$B$5:$B$228,B83,Datos!$M$5:$M$228,1)) | E83: =IF(J83=0,"",SUMIFS(Datos!$G$5:$G$228,Datos!$A$5:$A$228,A83,Datos!$B$5:$B$228,B83,Datos!$M$5:$M$228,1)) | F83: =IF(OR(J83=0,E83=0),"",D83/E83) | G83: =IF(COUNTIFS(Datos!$A$5:$A$228,A83,Datos!$B$5:$B$228,B83,Datos!$M$5:$M$228,1,Datos!$Q$5:$Q$228,">0")=0,"Pendiente GPS",_xlfn.MAXIFS(Datos!$Q$5:$Q$228,Datos!$A$5:$A$228,A83,Datos!$B$5:$B$228,B83,Datos!$M$5:$M$228,1)) -> Pendiente GPS | H83: =IF(J83=0,"Sin registro",IF(E83>0,"Movimiento",IF(I83>0,"Stand by*","Sin actividad"))) -> Sin registro | I83: =IF(J83=0,"",SUMIFS(Datos!$F$5:$F$228,Datos!$A$5:$A$228,A83,Datos!$B$5:$B$228,B83,Datos!$M$5:$M$228,1)) | J83: =COUNTIFS(Datos!$A$5:$A$228,A83,Datos!$B$5:$B$228,B83,Datos!$M$5:$M$228,1) -> 0
A84: =A36 -> 46279 | B84: COM-01 | C84: Combi | D84: =IF(J84=0,"",SUMIFS(Datos!$E$5:$E$228,Datos!$A$5:$A$228,A84,Datos!$B$5:$B$228,B84,Datos!$M$5:$M$228,1)) | E84: =IF(J84=0,"",SUMIFS(Datos!$G$5:$G$228,Datos!$A$5:$A$228,A84,Datos!$B$5:$B$228,B84,Datos!$M$5:$M$228,1)) | F84: =IF(OR(J84=0,E84=0),"",D84/E84) | G84: =IF(COUNTIFS(Datos!$A$5:$A$228,A84,Datos!$B$5:$B$228,B84,Datos!$M$5:$M$228,1,Datos!$Q$5:$Q$228,">0")=0,"Pendiente GPS",_xlfn.MAXIFS(Datos!$Q$5:$Q$228,Datos!$A$5:$A$228,A84,Datos!$B$5:$B$228,B84,Datos!$M$5:$M$228,1)) -> Pendiente GPS | H84: =IF(J84=0,"Sin registro",IF(E84>0,"Movimiento",IF(I84>0,"Stand by*","Sin actividad"))) -> Sin registro | I84: =IF(J84=0,"",SUMIFS(Datos!$F$5:$F$228,Datos!$A$5:$A$228,A84,Datos!$B$5:$B$228,B84,Datos!$M$5:$M$228,1)) | J84: =COUNTIFS(Datos!$A$5:$A$228,A84,Datos!$B$5:$B$228,B84,Datos!$M$5:$M$228,1) -> 0
A85: =A37 -> 46280 | B85: VOL-01 | C85: Volquete | D85: =IF(J85=0,"",SUMIFS(Datos!$E$5:$E$228,Datos!$A$5:$A$228,A85,Datos!$B$5:$B$228,B85,Datos!$M$5:$M$228,1)) -> 134 | E85: =IF(J85=0,"",SUMIFS(Datos!$G$5:$G$228,Datos!$A$5:$A$228,A85,Datos!$B$5:$B$228,B85,Datos!$M$5:$M$228,1)) -> 8.873 | F85: =IF(OR(J85=0,E85=0),"",D85/E85) -> 15.101995 | G85: =IF(COUNTIFS(Datos!$A$5:$A$228,A85,Datos!$B$5:$B$228,B85,Datos!$M$5:$M$228,1,Datos!$Q$5:$Q$228,">0")=0,"Pendiente GPS",_xlfn.MAXIFS(Datos!$Q$5:$Q$228,Datos!$A$5:$A$228,A85,Datos!$B$5:$B$228,B85,Datos!$M$5:$M$228,1)) -> Pendiente GPS | H85: =IF(J85=0,"Sin registro",IF(E85>0,"Movimiento",IF(I85>0,"Stand by*","Sin actividad"))) -> Movimiento | I85: =IF(J85=0,"",SUMIFS(Datos!$F$5:$F$228,Datos!$A$5:$A$228,A85,Datos!$B$5:$B$228,B85,Datos!$M$5:$M$228,1)) -> 14.1 | J85: =COUNTIFS(Datos!$A$5:$A$228,A85,Datos!$B$5:$B$228,B85,Datos!$M$5:$M$228,1) -> 2
A86: =A37 -> 46280 | B86: VOL-02 | C86: Volquete | D86: =IF(J86=0,"",SUMIFS(Datos!$E$5:$E$228,Datos!$A$5:$A$228,A86,Datos!$B$5:$B$228,B86,Datos!$M$5:$M$228,1)) -> 132 | E86: =IF(J86=0,"",SUMIFS(Datos!$G$5:$G$228,Datos!$A$5:$A$228,A86,Datos!$B$5:$B$228,B86,Datos!$M$5:$M$228,1)) -> 8.848 | F86: =IF(OR(J86=0,E86=0),"",D86/E86) -> 14.918626 | G86: =IF(COUNTIFS(Datos!$A$5:$A$228,A86,Datos!$B$5:$B$228,B86,Datos!$M$5:$M$228,1,Datos!$Q$5:$Q$228,">0")=0,"Pendiente GPS",_xlfn.MAXIFS(Datos!$Q$5:$Q$228,Datos!$A$5:$A$228,A86,Datos!$B$5:$B$228,B86,Datos!$M$5:$M$228,1)) -> Pendiente GPS | H86: =IF(J86=0,"Sin registro",IF(E86>0,"Movimiento",IF(I86>0,"Stand by*","Sin actividad"))) -> Movimiento | I86: =IF(J86=0,"",SUMIFS(Datos!$F$5:$F$228,Datos!$A$5:$A$228,A86,Datos!$B$5:$B$228,B86,Datos!$M$5:$M$228,1)) -> 15 | J86: =COUNTIFS(Datos!$A$5:$A$228,A86,Datos!$B$5:$B$228,B86,Datos!$M$5:$M$228,1) -> 2
A87: =A37 -> 46280 | B87: VOL-03 | C87: Volquete | D87: =IF(J87=0,"",SUMIFS(Datos!$E$5:$E$228,Datos!$A$5:$A$228,A87,Datos!$B$5:$B$228,B87,Datos!$M$5:$M$228,1)) -> 135 | E87: =IF(J87=0,"",SUMIFS(Datos!$G$5:$G$228,Datos!$A$5:$A$228,A87,Datos!$B$5:$B$228,B87,Datos!$M$5:$M$228,1)) -> 8.974 | F87: =IF(OR(J87=0,E87=0),"",D87/E87) -> 15.043459 | G87: =IF(COUNTIFS(Datos!$A$5:$A$228,A87,Datos!$B$5:$B$228,B87,Datos!$M$5:$M$228,1,Datos!$Q$5:$Q$228,">0")=0,"Pendiente GPS",_xlfn.MAXIFS(Datos!$Q$5:$Q$228,Datos!$A$5:$A$228,A87,Datos!$B$5:$B$228,B87,Datos!$M$5:$M$228,1)) -> Pendiente GPS | H87: =IF(J87=0,"Sin registro",IF(E87>0,"Movimiento",IF(I87>0,"Stand by*","Sin actividad"))) -> Movimiento | I87: =IF(J87=0,"",SUMIFS(Datos!$F$5:$F$228,Datos!$A$5:$A$228,A87,Datos!$B$5:$B$228,B87,Datos!$M$5:$M$228,1)) -> 13.4 | J87: =COUNTIFS(Datos!$A$5:$A$228,A87,Datos!$B$5:$B$228,B87,Datos!$M$5:$M$228,1) -> 2
A88: =A37 -> 46280 | B88: VOL-04 | C88: Volquete | D88: =IF(J88=0,"",SUMIFS(Datos!$E$5:$E$228,Datos!$A$5:$A$228,A88,Datos!$B$5:$B$228,B88,Datos!$M$5:$M$228,1)) -> 135 | E88: =IF(J88=0,"",SUMIFS(Datos!$G$5:$G$228,Datos!$A$5:$A$228,A88,Datos!$B$5:$B$228,B88,Datos!$M$5:$M$228,1)) -> 9.031 | F88: =IF(OR(J88=0,E88=0),"",D88/E88) -> 14.948511 | G88: =IF(COUNTIFS(Datos!$A$5:$A$228,A88,Datos!$B$5:$B$228,B88,Datos!$M$5:$M$228,1,Datos!$Q$5:$Q$228,">0")=0,"Pendiente GPS",_xlfn.MAXIFS(Datos!$Q$5:$Q$228,Datos!$A$5:$A$228,A88,Datos!$B$5:$B$228,B88,Datos!$M$5:$M$228,1)) -> Pendiente GPS | H88: =IF(J88=0,"Sin registro",IF(E88>0,"Movimiento",IF(I88>0,"Stand by*","Sin actividad"))) -> Movimiento | I88: =IF(J88=0,"",SUMIFS(Datos!$F$5:$F$228,Datos!$A$5:$A$228,A88,Datos!$B$5:$B$228,B88,Datos!$M$5:$M$228,1)) -> 14.3 | J88: =COUNTIFS(Datos!$A$5:$A$228,A88,Datos!$B$5:$B$228,B88,Datos!$M$5:$M$228,1) -> 2
A89: =A37 -> 46280 | B89: CAM-01 | C89: Camioneta | D89: =IF(J89=0,"",SUMIFS(Datos!$E$5:$E$228,Datos!$A$5:$A$228,A89,Datos!$B$5:$B$228,B89,Datos!$M$5:$M$228,1)) | E89: =IF(J89=0,"",SUMIFS(Datos!$G$5:$G$228,Datos!$A$5:$A$228,A89,Datos!$B$5:$B$228,B89,Datos!$M$5:$M$228,1)) | F89: =IF(OR(J89=0,E89=0),"",D89/E89) | G89: =IF(COUNTIFS(Datos!$A$5:$A$228,A89,Datos!$B$5:$B$228,B89,Datos!$M$5:$M$228,1,Datos!$Q$5:$Q$228,">0")=0,"Pendiente GPS",_xlfn.MAXIFS(Datos!$Q$5:$Q$228,Datos!$A$5:$A$228,A89,Datos!$B$5:$B$228,B89,Datos!$M$5:$M$228,1)) -> Pendiente GPS | H89: =IF(J89=0,"Sin registro",IF(E89>0,"Movimiento",IF(I89>0,"Stand by*","Sin actividad"))) -> Sin registro | I89: =IF(J89=0,"",SUMIFS(Datos!$F$5:$F$228,Datos!$A$5:$A$228,A89,Datos!$B$5:$B$228,B89,Datos!$M$5:$M$228,1)) | J89: =COUNTIFS(Datos!$A$5:$A$228,A89,Datos!$B$5:$B$228,B89,Datos!$M$5:$M$228,1) -> 0
A90: =A37 -> 46280 | B90: CAM-02 | C90: Camioneta | D90: =IF(J90=0,"",SUMIFS(Datos!$E$5:$E$228,Datos!$A$5:$A$228,A90,Datos!$B$5:$B$228,B90,Datos!$M$5:$M$228,1)) | E90: =IF(J90=0,"",SUMIFS(Datos!$G$5:$G$228,Datos!$A$5:$A$228,A90,Datos!$B$5:$B$228,B90,Datos!$M$5:$M$228,1)) | F90: =IF(OR(J90=0,E90=0),"",D90/E90) | G90: =IF(COUNTIFS(Datos!$A$5:$A$228,A90,Datos!$B$5:$B$228,B90,Datos!$M$5:$M$228,1,Datos!$Q$5:$Q$228,">0")=0,"Pendiente GPS",_xlfn.MAXIFS(Datos!$Q$5:$Q$228,Datos!$A$5:$A$228,A90,Datos!$B$5:$B$228,B90,Datos!$M$5:$M$228,1)) -> Pendiente GPS | H90: =IF(J90=0,"Sin registro",IF(E90>0,"Movimiento",IF(I90>0,"Stand by*","Sin actividad"))) -> Sin registro | I90: =IF(J90=0,"",SUMIFS(Datos!$F$5:$F$228,Datos!$A$5:$A$228,A90,Datos!$B$5:$B$228,B90,Datos!$M$5:$M$228,1)) | J90: =COUNTIFS(Datos!$A$5:$A$228,A90,Datos!$B$5:$B$228,B90,Datos!$M$5:$M$228,1) -> 0
A91: =A37 -> 46280 | B91: MIN-01 | C91: Minibús | D91: =IF(J91=0,"",SUMIFS(Datos!$E$5:$E$228,Datos!$A$5:$A$228,A91,Datos!$B$5:$B$228,B91,Datos!$M$5:$M$228,1)) | E91: =IF(J91=0,"",SUMIFS(Datos!$G$5:$G$228,Datos!$A$5:$A$228,A91,Datos!$B$5:$B$228,B91,Datos!$M$5:$M$228,1)) | F91: =IF(OR(J91=0,E91=0),"",D91/E91) | G91: =IF(COUNTIFS(Datos!$A$5:$A$228,A91,Datos!$B$5:$B$228,B91,Datos!$M$5:$M$228,1,Datos!$Q$5:$Q$228,">0")=0,"Pendiente GPS",_xlfn.MAXIFS(Datos!$Q$5:$Q$228,Datos!$A$5:$A$228,A91,Datos!$B$5:$B$228,B91,Datos!$M$5:$M$228,1)) -> Pendiente GPS | H91: =IF(J91=0,"Sin registro",IF(E91>0,"Movimiento",IF(I91>0,"Stand by*","Sin actividad"))) -> Sin registro | I91: =IF(J91=0,"",SUMIFS(Datos!$F$5:$F$228,Datos!$A$5:$A$228,A91,Datos!$B$5:$B$228,B91,Datos!$M$5:$M$228,1)) | J91: =COUNTIFS(Datos!$A$5:$A$228,A91,Datos!$B$5:$B$228,B91,Datos!$M$5:$M$228,1) -> 0
A92: =A37 -> 46280 | B92: COM-01 | C92: Combi | D92: =IF(J92=0,"",SUMIFS(Datos!$E$5:$E$228,Datos!$A$5:$A$228,A92,Datos!$B$5:$B$228,B92,Datos!$M$5:$M$228,1)) | E92: =IF(J92=0,"",SUMIFS(Datos!$G$5:$G$228,Datos!$A$5:$A$228,A92,Datos!$B$5:$B$228,B92,Datos!$M$5:$M$228,1)) | F92: =IF(OR(J92=0,E92=0),"",D92/E92) | G92: =IF(COUNTIFS(Datos!$A$5:$A$228,A92,Datos!$B$5:$B$228,B92,Datos!$M$5:$M$228,1,Datos!$Q$5:$Q$228,">0")=0,"Pendiente GPS",_xlfn.MAXIFS(Datos!$Q$5:$Q$228,Datos!$A$5:$A$228,A92,Datos!$B$5:$B$228,B92,Datos!$M$5:$M$228,1)) -> Pendiente GPS | H92: =IF(J92=0,"Sin registro",IF(E92>0,"Movimiento",IF(I92>0,"Stand by*","Sin actividad"))) -> Sin registro | I92: =IF(J92=0,"",SUMIFS(Datos!$F$5:$F$228,Datos!$A$5:$A$228,A92,Datos!$B$5:$B$228,B92,Datos!$M$5:$M$228,1)) | J92: =COUNTIFS(Datos!$A$5:$A$228,A92,Datos!$B$5:$B$228,B92,Datos!$M$5:$M$228,1) -> 0
A93: =A38 -> 46281 | B93: VOL-01 | C93: Volquete | D93: =IF(J93=0,"",SUMIFS(Datos!$E$5:$E$228,Datos!$A$5:$A$228,A93,Datos!$B$5:$B$228,B93,Datos!$M$5:$M$228,1)) -> 137 | E93: =IF(J93=0,"",SUMIFS(Datos!$G$5:$G$228,Datos!$A$5:$A$228,A93,Datos!$B$5:$B$228,B93,Datos!$M$5:$M$228,1)) -> 9.173 | F93: =IF(OR(J93=0,E93=0),"",D93/E93) -> 14.935136 | G93: =IF(COUNTIFS(Datos!$A$5:$A$228,A93,Datos!$B$5:$B$228,B93,Datos!$M$5:$M$228,1,Datos!$Q$5:$Q$228,">0")=0,"Pendiente GPS",_xlfn.MAXIFS(Datos!$Q$5:$Q$228,Datos!$A$5:$A$228,A93,Datos!$B$5:$B$228,B93,Datos!$M$5:$M$228,1)) -> Pendiente GPS | H93: =IF(J93=0,"Sin registro",IF(E93>0,"Movimiento",IF(I93>0,"Stand by*","Sin actividad"))) -> Movimiento | I93: =IF(J93=0,"",SUMIFS(Datos!$F$5:$F$228,Datos!$A$5:$A$228,A93,Datos!$B$5:$B$228,B93,Datos!$M$5:$M$228,1)) -> 15.5 | J93: =COUNTIFS(Datos!$A$5:$A$228,A93,Datos!$B$5:$B$228,B93,Datos!$M$5:$M$228,1) -> 2
A94: =A38 -> 46281 | B94: VOL-02 | C94: Volquete | D94: =IF(J94=0,"",SUMIFS(Datos!$E$5:$E$228,Datos!$A$5:$A$228,A94,Datos!$B$5:$B$228,B94,Datos!$M$5:$M$228,1)) -> 118 | E94: =IF(J94=0,"",SUMIFS(Datos!$G$5:$G$228,Datos!$A$5:$A$228,A94,Datos!$B$5:$B$228,B94,Datos!$M$5:$M$228,1)) -> 7.804 | F94: =IF(OR(J94=0,E94=0),"",D94/E94) -> 15.120451 | G94: =IF(COUNTIFS(Datos!$A$5:$A$228,A94,Datos!$B$5:$B$228,B94,Datos!$M$5:$M$228,1,Datos!$Q$5:$Q$228,">0")=0,"Pendiente GPS",_xlfn.MAXIFS(Datos!$Q$5:$Q$228,Datos!$A$5:$A$228,A94,Datos!$B$5:$B$228,B94,Datos!$M$5:$M$228,1)) -> Pendiente GPS | H94: =IF(J94=0,"Sin registro",IF(E94>0,"Movimiento",IF(I94>0,"Stand by*","Sin actividad"))) -> Movimiento | I94: =IF(J94=0,"",SUMIFS(Datos!$F$5:$F$228,Datos!$A$5:$A$228,A94,Datos!$B$5:$B$228,B94,Datos!$M$5:$M$228,1)) -> 13.9 | J94: =COUNTIFS(Datos!$A$5:$A$228,A94,Datos!$B$5:$B$228,B94,Datos!$M$5:$M$228,1) -> 2
A95: =A38 -> 46281 | B95: VOL-03 | C95: Volquete | D95: =IF(J95=0,"",SUMIFS(Datos!$E$5:$E$228,Datos!$A$5:$A$228,A95,Datos!$B$5:$B$228,B95,Datos!$M$5:$M$228,1)) -> 139 | E95: =IF(J95=0,"",SUMIFS(Datos!$G$5:$G$228,Datos!$A$5:$A$228,A95,Datos!$B$5:$B$228,B95,Datos!$M$5:$M$228,1)) -> 9.321 | F95: =IF(OR(J95=0,E95=0),"",D95/E95) -> 14.912563 | G95: =IF(COUNTIFS(Datos!$A$5:$A$228,A95,Datos!$B$5:$B$228,B95,Datos!$M$5:$M$228,1,Datos!$Q$5:$Q$228,">0")=0,"Pendiente GPS",_xlfn.MAXIFS(Datos!$Q$5:$Q$228,Datos!$A$5:$A$228,A95,Datos!$B$5:$B$228,B95,Datos!$M$5:$M$228,1)) -> Pendiente GPS | H95: =IF(J95=0,"Sin registro",IF(E95>0,"Movimiento",IF(I95>0,"Stand by*","Sin actividad"))) -> Movimiento | I95: =IF(J95=0,"",SUMIFS(Datos!$F$5:$F$228,Datos!$A$5:$A$228,A95,Datos!$B$5:$B$228,B95,Datos!$M$5:$M$228,1)) -> 14.8 | J95: =COUNTIFS(Datos!$A$5:$A$228,A95,Datos!$B$5:$B$228,B95,Datos!$M$5:$M$228,1) -> 2
A96: =A38 -> 46281 | B96: VOL-04 | C96: Volquete | D96: =IF(J96=0,"",SUMIFS(Datos!$E$5:$E$228,Datos!$A$5:$A$228,A96,Datos!$B$5:$B$228,B96,Datos!$M$5:$M$228,1)) -> 143 | E96: =IF(J96=0,"",SUMIFS(Datos!$G$5:$G$228,Datos!$A$5:$A$228,A96,Datos!$B$5:$B$228,B96,Datos!$M$5:$M$228,1)) -> 9.559 | F96: =IF(OR(J96=0,E96=0),"",D96/E96) -> 14.959724 | G96: =IF(COUNTIFS(Datos!$A$5:$A$228,A96,Datos!$B$5:$B$228,B96,Datos!$M$5:$M$228,1,Datos!$Q$5:$Q$228,">0")=0,"Pendiente GPS",_xlfn.MAXIFS(Datos!$Q$5:$Q$228,Datos!$A$5:$A$228,A96,Datos!$B$5:$B$228,B96,Datos!$M$5:$M$228,1)) -> Pendiente GPS | H96: =IF(J96=0,"Sin registro",IF(E96>0,"Movimiento",IF(I96>0,"Stand by*","Sin actividad"))) -> Movimiento | I96: =IF(J96=0,"",SUMIFS(Datos!$F$5:$F$228,Datos!$A$5:$A$228,A96,Datos!$B$5:$B$228,B96,Datos!$M$5:$M$228,1)) -> 15.7 | J96: =COUNTIFS(Datos!$A$5:$A$228,A96,Datos!$B$5:$B$228,B96,Datos!$M$5:$M$228,1) -> 2
A97: =A38 -> 46281 | B97: CAM-01 | C97: Camioneta | D97: =IF(J97=0,"",SUMIFS(Datos!$E$5:$E$228,Datos!$A$5:$A$228,A97,Datos!$B$5:$B$228,B97,Datos!$M$5:$M$228,1)) | E97: =IF(J97=0,"",SUMIFS(Datos!$G$5:$G$228,Datos!$A$5:$A$228,A97,Datos!$B$5:$B$228,B97,Datos!$M$5:$M$228,1)) | F97: =IF(OR(J97=0,E97=0),"",D97/E97) | G97: =IF(COUNTIFS(Datos!$A$5:$A$228,A97,Datos!$B$5:$B$228,B97,Datos!$M$5:$M$228,1,Datos!$Q$5:$Q$228,">0")=0,"Pendiente GPS",_xlfn.MAXIFS(Datos!$Q$5:$Q$228,Datos!$A$5:$A$228,A97,Datos!$B$5:$B$228,B97,Datos!$M$5:$M$228,1)) -> Pendiente GPS | H97: =IF(J97=0,"Sin registro",IF(E97>0,"Movimiento",IF(I97>0,"Stand by*","Sin actividad"))) -> Sin registro | I97: =IF(J97=0,"",SUMIFS(Datos!$F$5:$F$228,Datos!$A$5:$A$228,A97,Datos!$B$5:$B$228,B97,Datos!$M$5:$M$228,1)) | J97: =COUNTIFS(Datos!$A$5:$A$228,A97,Datos!$B$5:$B$228,B97,Datos!$M$5:$M$228,1) -> 0
A98: =A38 -> 46281 | B98: CAM-02 | C98: Camioneta | D98: =IF(J98=0,"",SUMIFS(Datos!$E$5:$E$228,Datos!$A$5:$A$228,A98,Datos!$B$5:$B$228,B98,Datos!$M$5:$M$228,1)) | E98: =IF(J98=0,"",SUMIFS(Datos!$G$5:$G$228,Datos!$A$5:$A$228,A98,Datos!$B$5:$B$228,B98,Datos!$M$5:$M$228,1)) | F98: =IF(OR(J98=0,E98=0),"",D98/E98) | G98: =IF(COUNTIFS(Datos!$A$5:$A$228,A98,Datos!$B$5:$B$228,B98,Datos!$M$5:$M$228,1,Datos!$Q$5:$Q$228,">0")=0,"Pendiente GPS",_xlfn.MAXIFS(Datos!$Q$5:$Q$228,Datos!$A$5:$A$228,A98,Datos!$B$5:$B$228,B98,Datos!$M$5:$M$228,1)) -> Pendiente GPS | H98: =IF(J98=0,"Sin registro",IF(E98>0,"Movimiento",IF(I98>0,"Stand by*","Sin actividad"))) -> Sin registro | I98: =IF(J98=0,"",SUMIFS(Datos!$F$5:$F$228,Datos!$A$5:$A$228,A98,Datos!$B$5:$B$228,B98,Datos!$M$5:$M$228,1)) | J98: =COUNTIFS(Datos!$A$5:$A$228,A98,Datos!$B$5:$B$228,B98,Datos!$M$5:$M$228,1) -> 0
A99: =A38 -> 46281 | B99: MIN-01 | C99: Minibús | D99: =IF(J99=0,"",SUMIFS(Datos!$E$5:$E$228,Datos!$A$5:$A$228,A99,Datos!$B$5:$B$228,B99,Datos!$M$5:$M$228,1)) | E99: =IF(J99=0,"",SUMIFS(Datos!$G$5:$G$228,Datos!$A$5:$A$228,A99,Datos!$B$5:$B$228,B99,Datos!$M$5:$M$228,1)) | F99: =IF(OR(J99=0,E99=0),"",D99/E99) | G99: =IF(COUNTIFS(Datos!$A$5:$A$228,A99,Datos!$B$5:$B$228,B99,Datos!$M$5:$M$228,1,Datos!$Q$5:$Q$228,">0")=0,"Pendiente GPS",_xlfn.MAXIFS(Datos!$Q$5:$Q$228,Datos!$A$5:$A$228,A99,Datos!$B$5:$B$228,B99,Datos!$M$5:$M$228,1)) -> Pendiente GPS | H99: =IF(J99=0,"Sin registro",IF(E99>0,"Movimiento",IF(I99>0,"Stand by*","Sin actividad"))) -> Sin registro | I99: =IF(J99=0,"",SUMIFS(Datos!$F$5:$F$228,Datos!$A$5:$A$228,A99,Datos!$B$5:$B$228,B99,Datos!$M$5:$M$228,1)) | J99: =COUNTIFS(Datos!$A$5:$A$228,A99,Datos!$B$5:$B$228,B99,Datos!$M$5:$M$228,1) -> 0
A100: =A38 -> 46281 | B100: COM-01 | C100: Combi | D100: =IF(J100=0,"",SUMIFS(Datos!$E$5:$E$228,Datos!$A$5:$A$228,A100,Datos!$B$5:$B$228,B100,Datos!$M$5:$M$228,1)) | E100: =IF(J100=0,"",SUMIFS(Datos!$G$5:$G$228,Datos!$A$5:$A$228,A100,Datos!$B$5:$B$228,B100,Datos!$M$5:$M$228,1)) | F100: =IF(OR(J100=0,E100=0),"",D100/E100) | G100: =IF(COUNTIFS(Datos!$A$5:$A$228,A100,Datos!$B$5:$B$228,B100,Datos!$M$5:$M$228,1,Datos!$Q$5:$Q$228,">0")=0,"Pendiente GPS",_xlfn.MAXIFS(Datos!$Q$5:$Q$228,Datos!$A$5:$A$228,A100,Datos!$B$5:$B$228,B100,Datos!$M$5:$M$228,1)) -> Pendiente GPS | H100: =IF(J100=0,"Sin registro",IF(E100>0,"Movimiento",IF(I100>0,"Stand by*","Sin actividad"))) -> Sin registro | I100: =IF(J100=0,"",SUMIFS(Datos!$F$5:$F$228,Datos!$A$5:$A$228,A100,Datos!$B$5:$B$228,B100,Datos!$M$5:$M$228,1)) | J100: =COUNTIFS(Datos!$A$5:$A$228,A100,Datos!$B$5:$B$228,B100,Datos!$M$5:$M$228,1) -> 0
A101: =A39 -> 46282 | B101: VOL-01 | C101: Volquete | D101: =IF(J101=0,"",SUMIFS(Datos!$E$5:$E$228,Datos!$A$5:$A$228,A101,Datos!$B$5:$B$228,B101,Datos!$M$5:$M$228,1)) -> 144 | E101: =IF(J101=0,"",SUMIFS(Datos!$G$5:$G$228,Datos!$A$5:$A$228,A101,Datos!$B$5:$B$228,B101,Datos!$M$5:$M$228,1)) -> 9.639 | F101: =IF(OR(J101=0,E101=0),"",D101/E101) -> 14.939309 | G101: =IF(COUNTIFS(Datos!$A$5:$A$228,A101,Datos!$B$5:$B$228,B101,Datos!$M$5:$M$228,1,Datos!$Q$5:$Q$228,">0")=0,"Pendiente GPS",_xlfn.MAXIFS(Datos!$Q$5:$Q$228,Datos!$A$5:$A$228,A101,Datos!$B$5:$B$228,B101,Datos!$M$5:$M$228,1)) -> Pendiente GPS | H101: =IF(J101=0,"Sin registro",IF(E101>0,"Movimiento",IF(I101>0,"Stand by*","Sin actividad"))) -> Movimiento | I101: =IF(J101=0,"",SUMIFS(Datos!$F$5:$F$228,Datos!$A$5:$A$228,A101,Datos!$B$5:$B$228,B101,Datos!$M$5:$M$228,1)) -> 14.4 | J101: =COUNTIFS(Datos!$A$5:$A$228,A101,Datos!$B$5:$B$228,B101,Datos!$M$5:$M$228,1) -> 2
A102: =A39 -> 46282 | B102: VOL-02 | C102: Volquete | D102: =IF(J102=0,"",SUMIFS(Datos!$E$5:$E$228,Datos!$A$5:$A$228,A102,Datos!$B$5:$B$228,B102,Datos!$M$5:$M$228,1)) -> 145 | E102: =IF(J102=0,"",SUMIFS(Datos!$G$5:$G$228,Datos!$A$5:$A$228,A102,Datos!$B$5:$B$228,B102,Datos!$M$5:$M$228,1)) -> 9.666 | F102: =IF(OR(J102=0,E102=0),"",D102/E102) -> 15.001035 | G102: =IF(COUNTIFS(Datos!$A$5:$A$228,A102,Datos!$B$5:$B$228,B102,Datos!$M$5:$M$228,1,Datos!$Q$5:$Q$228,">0")=0,"Pendiente GPS",_xlfn.MAXIFS(Datos!$Q$5:$Q$228,Datos!$A$5:$A$228,A102,Datos!$B$5:$B$228,B102,Datos!$M$5:$M$228,1)) -> Pendiente GPS | H102: =IF(J102=0,"Sin registro",IF(E102>0,"Movimiento",IF(I102>0,"Stand by*","Sin actividad"))) -> Movimiento | I102: =IF(J102=0,"",SUMIFS(Datos!$F$5:$F$228,Datos!$A$5:$A$228,A102,Datos!$B$5:$B$228,B102,Datos!$M$5:$M$228,1)) -> 15.3 | J102: =COUNTIFS(Datos!$A$5:$A$228,A102,Datos!$B$5:$B$228,B102,Datos!$M$5:$M$228,1) -> 2
A103: =A39 -> 46282 | B103: VOL-03 | C103: Volquete | D103: =IF(J103=0,"",SUMIFS(Datos!$E$5:$E$228,Datos!$A$5:$A$228,A103,Datos!$B$5:$B$228,B103,Datos!$M$5:$M$228,1)) -> 123 | E103: =IF(J103=0,"",SUMIFS(Datos!$G$5:$G$228,Datos!$A$5:$A$228,A103,Datos!$B$5:$B$228,B103,Datos!$M$5:$M$228,1)) -> 8.239 | F103: =IF(OR(J103=0,E103=0),"",D103/E103) -> 14.928996 | G103: =IF(COUNTIFS(Datos!$A$5:$A$228,A103,Datos!$B$5:$B$228,B103,Datos!$M$5:$M$228,1,Datos!$Q$5:$Q$228,">0")=0,"Pendiente GPS",_xlfn.MAXIFS(Datos!$Q$5:$Q$228,Datos!$A$5:$A$228,A103,Datos!$B$5:$B$228,B103,Datos!$M$5:$M$228,1)) -> Pendiente GPS | H103: =IF(J103=0,"Sin registro",IF(E103>0,"Movimiento",IF(I103>0,"Stand by*","Sin actividad"))) -> Movimiento | I103: =IF(J103=0,"",SUMIFS(Datos!$F$5:$F$228,Datos!$A$5:$A$228,A103,Datos!$B$5:$B$228,B103,Datos!$M$5:$M$228,1)) -> 13.7 | J103: =COUNTIFS(Datos!$A$5:$A$228,A103,Datos!$B$5:$B$228,B103,Datos!$M$5:$M$228,1) -> 2
A104: =A39 -> 46282 | B104: VOL-04 | C104: Volquete | D104: =IF(J104=0,"",SUMIFS(Datos!$E$5:$E$228,Datos!$A$5:$A$228,A104,Datos!$B$5:$B$228,B104,Datos!$M$5:$M$228,1)) -> 126 | E104: =IF(J104=0,"",SUMIFS(Datos!$G$5:$G$228,Datos!$A$5:$A$228,A104,Datos!$B$5:$B$228,B104,Datos!$M$5:$M$228,1)) -> 8.458 | F104: =IF(OR(J104=0,E104=0),"",D104/E104) -> 14.897139 | G104: =IF(COUNTIFS(Datos!$A$5:$A$228,A104,Datos!$B$5:$B$228,B104,Datos!$M$5:$M$228,1,Datos!$Q$5:$Q$228,">0")=0,"Pendiente GPS",_xlfn.MAXIFS(Datos!$Q$5:$Q$228,Datos!$A$5:$A$228,A104,Datos!$B$5:$B$228,B104,Datos!$M$5:$M$228,1)) -> Pendiente GPS | H104: =IF(J104=0,"Sin registro",IF(E104>0,"Movimiento",IF(I104>0,"Stand by*","Sin actividad"))) -> Movimiento | I104: =IF(J104=0,"",SUMIFS(Datos!$F$5:$F$228,Datos!$A$5:$A$228,A104,Datos!$B$5:$B$228,B104,Datos!$M$5:$M$228,1)) -> 14.6 | J104: =COUNTIFS(Datos!$A$5:$A$228,A104,Datos!$B$5:$B$228,B104,Datos!$M$5:$M$228,1) -> 2
A105: =A39 -> 46282 | B105: CAM-01 | C105: Camioneta | D105: =IF(J105=0,"",SUMIFS(Datos!$E$5:$E$228,Datos!$A$5:$A$228,A105,Datos!$B$5:$B$228,B105,Datos!$M$5:$M$228,1)) | E105: =IF(J105=0,"",SUMIFS(Datos!$G$5:$G$228,Datos!$A$5:$A$228,A105,Datos!$B$5:$B$228,B105,Datos!$M$5:$M$228,1)) | F105: =IF(OR(J105=0,E105=0),"",D105/E105) | G105: =IF(COUNTIFS(Datos!$A$5:$A$228,A105,Datos!$B$5:$B$228,B105,Datos!$M$5:$M$228,1,Datos!$Q$5:$Q$228,">0")=0,"Pendiente GPS",_xlfn.MAXIFS(Datos!$Q$5:$Q$228,Datos!$A$5:$A$228,A105,Datos!$B$5:$B$228,B105,Datos!$M$5:$M$228,1)) -> Pendiente GPS | H105: =IF(J105=0,"Sin registro",IF(E105>0,"Movimiento",IF(I105>0,"Stand by*","Sin actividad"))) -> Sin registro | I105: =IF(J105=0,"",SUMIFS(Datos!$F$5:$F$228,Datos!$A$5:$A$228,A105,Datos!$B$5:$B$228,B105,Datos!$M$5:$M$228,1)) | J105: =COUNTIFS(Datos!$A$5:$A$228,A105,Datos!$B$5:$B$228,B105,Datos!$M$5:$M$228,1) -> 0 | L105: Unidad | M105: Media km/h · período | N105: Máxima GPS km/h
A106: =A39 -> 46282 | B106: CAM-02 | C106: Camioneta | D106: =IF(J106=0,"",SUMIFS(Datos!$E$5:$E$228,Datos!$A$5:$A$228,A106,Datos!$B$5:$B$228,B106,Datos!$M$5:$M$228,1)) | E106: =IF(J106=0,"",SUMIFS(Datos!$G$5:$G$228,Datos!$A$5:$A$228,A106,Datos!$B$5:$B$228,B106,Datos!$M$5:$M$228,1)) | F106: =IF(OR(J106=0,E106=0),"",D106/E106) | G106: =IF(COUNTIFS(Datos!$A$5:$A$228,A106,Datos!$B$5:$B$228,B106,Datos!$M$5:$M$228,1,Datos!$Q$5:$Q$228,">0")=0,"Pendiente GPS",_xlfn.MAXIFS(Datos!$Q$5:$Q$228,Datos!$A$5:$A$228,A106,Datos!$B$5:$B$228,B106,Datos!$M$5:$M$228,1)) -> Pendiente GPS | H106: =IF(J106=0,"Sin registro",IF(E106>0,"Movimiento",IF(I106>0,"Stand by*","Sin actividad"))) -> Sin registro | I106: =IF(J106=0,"",SUMIFS(Datos!$F$5:$F$228,Datos!$A$5:$A$228,A106,Datos!$B$5:$B$228,B106,Datos!$M$5:$M$228,1)) | J106: =COUNTIFS(Datos!$A$5:$A$228,A106,Datos!$B$5:$B$228,B106,Datos!$M$5:$M$228,1) -> 0 | L106: =B53 -> VOL-01 | M106: =IFERROR(SUMIFS(Datos!$E$5:$E$228,Datos!$B$5:$B$228,L106,Datos!$M$5:$M$228,1)/SUMIFS(Datos!$G$5:$G$228,Datos!$B$5:$B$228,L106,Datos!$M$5:$M$228,1),0) -> 14.990371 | N106: =IF(COUNTIFS(Datos!$B$5:$B$228,L106,Datos!$M$5:$M$228,1,Datos!$Q$5:$Q$228,">0")=0,0,_xlfn.MAXIFS(Datos!$Q$5:$Q$228,Datos!$B$5:$B$228,L106,Datos!$M$5:$M$228,1)) -> 0
A107: =A39 -> 46282 | B107: MIN-01 | C107: Minibús | D107: =IF(J107=0,"",SUMIFS(Datos!$E$5:$E$228,Datos!$A$5:$A$228,A107,Datos!$B$5:$B$228,B107,Datos!$M$5:$M$228,1)) | E107: =IF(J107=0,"",SUMIFS(Datos!$G$5:$G$228,Datos!$A$5:$A$228,A107,Datos!$B$5:$B$228,B107,Datos!$M$5:$M$228,1)) | F107: =IF(OR(J107=0,E107=0),"",D107/E107) | G107: =IF(COUNTIFS(Datos!$A$5:$A$228,A107,Datos!$B$5:$B$228,B107,Datos!$M$5:$M$228,1,Datos!$Q$5:$Q$228,">0")=0,"Pendiente GPS",_xlfn.MAXIFS(Datos!$Q$5:$Q$228,Datos!$A$5:$A$228,A107,Datos!$B$5:$B$228,B107,Datos!$M$5:$M$228,1)) -> Pendiente GPS | H107: =IF(J107=0,"Sin registro",IF(E107>0,"Movimiento",IF(I107>0,"Stand by*","Sin actividad"))) -> Sin registro | I107: =IF(J107=0,"",SUMIFS(Datos!$F$5:$F$228,Datos!$A$5:$A$228,A107,Datos!$B$5:$B$228,B107,Datos!$M$5:$M$228,1)) | J107: =COUNTIFS(Datos!$A$5:$A$228,A107,Datos!$B$5:$B$228,B107,Datos!$M$5:$M$228,1) -> 0 | L107: =B54 -> VOL-02 | M107: =IFERROR(SUMIFS(Datos!$E$5:$E$228,Datos!$B$5:$B$228,L107,Datos!$M$5:$M$228,1)/SUMIFS(Datos!$G$5:$G$228,Datos!$B$5:$B$228,L107,Datos!$M$5:$M$228,1),0) -> 14.983147 | N107: =IF(COUNTIFS(Datos!$B$5:$B$228,L107,Datos!$M$5:$M$228,1,Datos!$Q$5:$Q$228,">0")=0,0,_xlfn.MAXIFS(Datos!$Q$5:$Q$228,Datos!$B$5:$B$228,L107,Datos!$M$5:$M$228,1)) -> 0
A108: =A39 -> 46282 | B108: COM-01 | C108: Combi | D108: =IF(J108=0,"",SUMIFS(Datos!$E$5:$E$228,Datos!$A$5:$A$228,A108,Datos!$B$5:$B$228,B108,Datos!$M$5:$M$228,1)) | E108: =IF(J108=0,"",SUMIFS(Datos!$G$5:$G$228,Datos!$A$5:$A$228,A108,Datos!$B$5:$B$228,B108,Datos!$M$5:$M$228,1)) | F108: =IF(OR(J108=0,E108=0),"",D108/E108) | G108: =IF(COUNTIFS(Datos!$A$5:$A$228,A108,Datos!$B$5:$B$228,B108,Datos!$M$5:$M$228,1,Datos!$Q$5:$Q$228,">0")=0,"Pendiente GPS",_xlfn.MAXIFS(Datos!$Q$5:$Q$228,Datos!$A$5:$A$228,A108,Datos!$B$5:$B$228,B108,Datos!$M$5:$M$228,1)) -> Pendiente GPS | H108: =IF(J108=0,"Sin registro",IF(E108>0,"Movimiento",IF(I108>0,"Stand by*","Sin actividad"))) -> Sin registro | I108: =IF(J108=0,"",SUMIFS(Datos!$F$5:$F$228,Datos!$A$5:$A$228,A108,Datos!$B$5:$B$228,B108,Datos!$M$5:$M$228,1)) | J108: =COUNTIFS(Datos!$A$5:$A$228,A108,Datos!$B$5:$B$228,B108,Datos!$M$5:$M$228,1) -> 0 | L108: =B55 -> VOL-03 | M108: =IFERROR(SUMIFS(Datos!$E$5:$E$228,Datos!$B$5:$B$228,L108,Datos!$M$5:$M$228,1)/SUMIFS(Datos!$G$5:$G$228,Datos!$B$5:$B$228,L108,Datos!$M$5:$M$228,1),0) -> 14.971258 | N108: =IF(COUNTIFS(Datos!$B$5:$B$228,L108,Datos!$M$5:$M$228,1,Datos!$Q$5:$Q$228,">0")=0,0,_xlfn.MAXIFS(Datos!$Q$5:$Q$228,Datos!$B$5:$B$228,L108,Datos!$M$5:$M$228,1)) -> 0
A109: =A40 -> 46283 | B109: VOL-01 | C109: Volquete | D109: =IF(J109=0,"",SUMIFS(Datos!$E$5:$E$228,Datos!$A$5:$A$228,A109,Datos!$B$5:$B$228,B109,Datos!$M$5:$M$228,1)) -> 128 | E109: =IF(J109=0,"",SUMIFS(Datos!$G$5:$G$228,Datos!$A$5:$A$228,A109,Datos!$B$5:$B$228,B109,Datos!$M$5:$M$228,1)) -> 8.506 | F109: =IF(OR(J109=0,E109=0),"",D109/E109) -> 15.048201 | G109: =IF(COUNTIFS(Datos!$A$5:$A$228,A109,Datos!$B$5:$B$228,B109,Datos!$M$5:$M$228,1,Datos!$Q$5:$Q$228,">0")=0,"Pendiente GPS",_xlfn.MAXIFS(Datos!$Q$5:$Q$228,Datos!$A$5:$A$228,A109,Datos!$B$5:$B$228,B109,Datos!$M$5:$M$228,1)) -> Pendiente GPS | H109: =IF(J109=0,"Sin registro",IF(E109>0,"Movimiento",IF(I109>0,"Stand by*","Sin actividad"))) -> Movimiento | I109: =IF(J109=0,"",SUMIFS(Datos!$F$5:$F$228,Datos!$A$5:$A$228,A109,Datos!$B$5:$B$228,B109,Datos!$M$5:$M$228,1)) -> 13.3 | J109: =COUNTIFS(Datos!$A$5:$A$228,A109,Datos!$B$5:$B$228,B109,Datos!$M$5:$M$228,1) -> 2 | L109: =B56 -> VOL-04 | M109: =IFERROR(SUMIFS(Datos!$E$5:$E$228,Datos!$B$5:$B$228,L109,Datos!$M$5:$M$228,1)/SUMIFS(Datos!$G$5:$G$228,Datos!$B$5:$B$228,L109,Datos!$M$5:$M$228,1),0) -> 14.97516 | N109: =IF(COUNTIFS(Datos!$B$5:$B$228,L109,Datos!$M$5:$M$228,1,Datos!$Q$5:$Q$228,">0")=0,0,_xlfn.MAXIFS(Datos!$Q$5:$Q$228,Datos!$B$5:$B$228,L109,Datos!$M$5:$M$228,1)) -> 0
A110: =A40 -> 46283 | B110: VOL-02 | C110: Volquete | D110: =IF(J110=0,"",SUMIFS(Datos!$E$5:$E$228,Datos!$A$5:$A$228,A110,Datos!$B$5:$B$228,B110,Datos!$M$5:$M$228,1)) -> 127 | E110: =IF(J110=0,"",SUMIFS(Datos!$G$5:$G$228,Datos!$A$5:$A$228,A110,Datos!$B$5:$B$228,B110,Datos!$M$5:$M$228,1)) -> 8.514 | F110: =IF(OR(J110=0,E110=0),"",D110/E110) -> 14.916608 | G110: =IF(COUNTIFS(Datos!$A$5:$A$228,A110,Datos!$B$5:$B$228,B110,Datos!$M$5:$M$228,1,Datos!$Q$5:$Q$228,">0")=0,"Pendiente GPS",_xlfn.MAXIFS(Datos!$Q$5:$Q$228,Datos!$A$5:$A$228,A110,Datos!$B$5:$B$228,B110,Datos!$M$5:$M$228,1)) -> Pendiente GPS | H110: =IF(J110=0,"Sin registro",IF(E110>0,"Movimiento",IF(I110>0,"Stand by*","Sin actividad"))) -> Movimiento | I110: =IF(J110=0,"",SUMIFS(Datos!$F$5:$F$228,Datos!$A$5:$A$228,A110,Datos!$B$5:$B$228,B110,Datos!$M$5:$M$228,1)) -> 14.2 | J110: =COUNTIFS(Datos!$A$5:$A$228,A110,Datos!$B$5:$B$228,B110,Datos!$M$5:$M$228,1) -> 2 | L110: =B57 -> CAM-01 | M110: =IFERROR(SUMIFS(Datos!$E$5:$E$228,Datos!$B$5:$B$228,L110,Datos!$M$5:$M$228,1)/SUMIFS(Datos!$G$5:$G$228,Datos!$B$5:$B$228,L110,Datos!$M$5:$M$228,1),0) -> 0 | N110: =IF(COUNTIFS(Datos!$B$5:$B$228,L110,Datos!$M$5:$M$228,1,Datos!$Q$5:$Q$228,">0")=0,0,_xlfn.MAXIFS(Datos!$Q$5:$Q$228,Datos!$B$5:$B$228,L110,Datos!$M$5:$M$228,1)) -> 0
...

Sheet Operaciones
A2: OPERACIONES · CONTROL DE FLOTA
A3: Filtros compartidos con Seguridad
A4: Flota | D4: Turno | G4: Desde | I4: Hasta | L4: Unidad
B5: =Seguridad!B5 -> Volquete | E5: =Seguridad!E5 -> Ambos | H5: =Seguridad!H5 -> 46276 | J5: =Seguridad!J5 -> 46291 | M5: =Seguridad!M5 -> Todas
A8: Distancia recorrida (km) | D8: Horas de motor | G8: Horas en movimiento | J8: Paradas registradas
A9: =SUMIFS(Datos!$E$5:$E$228,Datos!$M$5:$M$228,1) -> 7463 | D9: =SUMIFS(Datos!$F$5:$F$228,Datos!$M$5:$M$228,1) -> 806.2 | G9: =SUMIFS(Datos!$G$5:$G$228,Datos!$M$5:$M$228,1) -> 498.199 | J9: =SUMIFS(Datos!$K$5:$K$228,Datos!$M$5:$M$228,1) -> 451
A12: RESULTADO POR UNIDAD
A14: Unidad | B14: Tipo | C14: km | D14: Motor h | E14: Movimiento h | F14: Paradas | G14: Registros
A15: VOL-01 | B15: Volquete | C15: =IF(G15=0,"",SUMIFS(Datos!$E$5:$E$228,Datos!$B$5:$B$228,A15,Datos!$M$5:$M$228,1)) -> 1876 | D15: =IF(G15=0,"",SUMIFS(Datos!$F$5:$F$228,Datos!$B$5:$B$228,A15,Datos!$M$5:$M$228,1)) -> 201.4 | E15: =IF(G15=0,"",SUMIFS(Datos!$G$5:$G$228,Datos!$B$5:$B$228,A15,Datos!$M$5:$M$228,1)) -> 125.147 | F15: =IF(G15=0,"",SUMIFS(Datos!$K$5:$K$228,Datos!$B$5:$B$228,A15,Datos!$M$5:$M$228,1)) -> 115 | G15: =COUNTIFS(Datos!$B$5:$B$228,A15,Datos!$M$5:$M$228,1) -> 28
A16: VOL-02 | B16: Volquete | C16: =IF(G16=0,"",SUMIFS(Datos!$E$5:$E$228,Datos!$B$5:$B$228,A16,Datos!$M$5:$M$228,1)) -> 1827 | D16: =IF(G16=0,"",SUMIFS(Datos!$F$5:$F$228,Datos!$B$5:$B$228,A16,Datos!$M$5:$M$228,1)) -> 199 | E16: =IF(G16=0,"",SUMIFS(Datos!$G$5:$G$228,Datos!$B$5:$B$228,A16,Datos!$M$5:$M$228,1)) -> 121.937 | F16: =IF(G16=0,"",SUMIFS(Datos!$K$5:$K$228,Datos!$B$5:$B$228,A16,Datos!$M$5:$M$228,1)) -> 111 | G16: =COUNTIFS(Datos!$B$5:$B$228,A16,Datos!$M$5:$M$228,1) -> 28
A17: VOL-03 | B17: Volquete | C17: =IF(G17=0,"",SUMIFS(Datos!$E$5:$E$228,Datos!$B$5:$B$228,A17,Datos!$M$5:$M$228,1)) -> 1870 | D17: =IF(G17=0,"",SUMIFS(Datos!$F$5:$F$228,Datos!$B$5:$B$228,A17,Datos!$M$5:$M$228,1)) -> 201.6 | E17: =IF(G17=0,"",SUMIFS(Datos!$G$5:$G$228,Datos!$B$5:$B$228,A17,Datos!$M$5:$M$228,1)) -> 124.906 | F17: =IF(G17=0,"",SUMIFS(Datos!$K$5:$K$228,Datos!$B$5:$B$228,A17,Datos!$M$5:$M$228,1)) -> 112 | G17: =COUNTIFS(Datos!$B$5:$B$228,A17,Datos!$M$5:$M$228,1) -> 28
A18: VOL-04 | B18: Volquete | C18: =IF(G18=0,"",SUMIFS(Datos!$E$5:$E$228,Datos!$B$5:$B$228,A18,Datos!$M$5:$M$228,1)) -> 1890 | D18: =IF(G18=0,"",SUMIFS(Datos!$F$5:$F$228,Datos!$B$5:$B$228,A18,Datos!$M$5:$M$228,1)) -> 204.2 | E18: =IF(G18=0,"",SUMIFS(Datos!$G$5:$G$228,Datos!$B$5:$B$228,A18,Datos!$M$5:$M$228,1)) -> 126.209 | F18: =IF(G18=0,"",SUMIFS(Datos!$K$5:$K$228,Datos!$B$5:$B$228,A18,Datos!$M$5:$M$228,1)) -> 113 | G18: =COUNTIFS(Datos!$B$5:$B$228,A18,Datos!$M$5:$M$228,1) -> 28
A19: CAM-01 | B19: Camioneta | C19: =IF(G19=0,"",SUMIFS(Datos!$E$5:$E$228,Datos!$B$5:$B$228,A19,Datos!$M$5:$M$228,1)) | D19: =IF(G19=0,"",SUMIFS(Datos!$F$5:$F$228,Datos!$B$5:$B$228,A19,Datos!$M$5:$M$228,1)) | E19: =IF(G19=0,"",SUMIFS(Datos!$G$5:$G$228,Datos!$B$5:$B$228,A19,Datos!$M$5:$M$228,1)) | F19: =IF(G19=0,"",SUMIFS(Datos!$K$5:$K$228,Datos!$B$5:$B$228,A19,Datos!$M$5:$M$228,1)) | G19: =COUNTIFS(Datos!$B$5:$B$228,A19,Datos!$M$5:$M$228,1) -> 0
A20: CAM-02 | B20: Camioneta | C20: =IF(G20=0,"",SUMIFS(Datos!$E$5:$E$228,Datos!$B$5:$B$228,A20,Datos!$M$5:$M$228,1)) | D20: =IF(G20=0,"",SUMIFS(Datos!$F$5:$F$228,Datos!$B$5:$B$228,A20,Datos!$M$5:$M$228,1)) | E20: =IF(G20=0,"",SUMIFS(Datos!$G$5:$G$228,Datos!$B$5:$B$228,A20,Datos!$M$5:$M$228,1)) | F20: =IF(G20=0,"",SUMIFS(Datos!$K$5:$K$228,Datos!$B$5:$B$228,A20,Datos!$M$5:$M$228,1)) | G20: =COUNTIFS(Datos!$B$5:$B$228,A20,Datos!$M$5:$M$228,1) -> 0
A21: MIN-01 | B21: Minibús | C21: =IF(G21=0,"",SUMIFS(Datos!$E$5:$E$228,Datos!$B$5:$B$228,A21,Datos!$M$5:$M$228,1)) | D21: =IF(G21=0,"",SUMIFS(Datos!$F$5:$F$228,Datos!$B$5:$B$228,A21,Datos!$M$5:$M$228,1)) | E21: =IF(G21=0,"",SUMIFS(Datos!$G$5:$G$228,Datos!$B$5:$B$228,A21,Datos!$M$5:$M$228,1)) | F21: =IF(G21=0,"",SUMIFS(Datos!$K$5:$K$228,Datos!$B$5:$B$228,A21,Datos!$M$5:$M$228,1)) | G21: =COUNTIFS(Datos!$B$5:$B$228,A21,Datos!$M$5:$M$228,1) -> 0
A22: COM-01 | B22: Combi | C22: =IF(G22=0,"",SUMIFS(Datos!$E$5:$E$228,Datos!$B$5:$B$228,A22,Datos!$M$5:$M$228,1)) | D22: =IF(G22=0,"",SUMIFS(Datos!$F$5:$F$228,Datos!$B$5:$B$228,A22,Datos!$M$5:$M$228,1)) | E22: =IF(G22=0,"",SUMIFS(Datos!$G$5:$G$228,Datos!$B$5:$B$228,A22,Datos!$M$5:$M$228,1)) | F22: =IF(G22=0,"",SUMIFS(Datos!$K$5:$K$228,Datos!$B$5:$B$228,A22,Datos!$M$5:$M$228,1)) | G22: =COUNTIFS(Datos!$B$5:$B$228,A22,Datos!$M$5:$M$228,1) -> 0

Sheet Datos
A1: DATOS PILOTO · una fila por unidad, fecha y turno. Sustituir por exportación real para uso operativo.
A4: Fecha | B4: Unidad | C4: Tipo | D4: Turno | E4: Distancia km | F4: Motor h | G4: Movimiento h | H4: Eventos sobrevelocidad | I4: Alertas cinturón | J4: Salidas geocerca | K4: Paradas | L4: Desconexiones | M4: Incluido por filtros | O4: Definiciones | Q4: Velocidad máxima GPS (km/h)
A5: 46276 | B5: VOL-01 | C5: Volquete | D5: Día | E5: 64 | F5: 6.2 | G5: 4.278 | H5: 2 | I5: 0 | J5: 0 | K5: 4 | L5: 0 | M5: =IF(AND(A5>=Seguridad!$H$5,A5<=Seguridad!$J$5,OR(Seguridad!$B$5="Todas",C5=Seguridad!$B$5),OR(Seguridad!$E$5="Ambos",D5=Seguridad!$E$5),OR(Seguridad!$M$5="Todas",B5=Seguridad!$M$5)),1,0) -> 1 | O5: Velocidad media diaria | P5: Suma de km ÷ suma de horas de movimiento de los turnos filtrados.
A6: 46276 | B6: VOL-01 | C6: Volquete | D6: Noche | E6: 66 | F6: 7.3 | G6: 4.38 | H6: 1 | I6: 0 | J6: 0 | K6: 5 | L6: 0 | M6: =IF(AND(A6>=Seguridad!$H$5,A6<=Seguridad!$J$5,OR(Seguridad!$B$5="Todas",C6=Seguridad!$B$5),OR(Seguridad!$E$5="Ambos",D6=Seguridad!$E$5),OR(Seguridad!$M$5="Todas",B6=Seguridad!$M$5)),1,0) -> 1 | O6: Velocidad máxima | P6: Máxima lectura GPS informada en Q por unidad y turno. Vacío = pendiente.
A7: 46277 | B7: VOL-01 | C7: Volquete | D7: Día | E7: 58 | F7: 6.9 | G7: 3.864 | H7: 2 | I7: 0 | J7: 0 | K7: 6 | L7: 0 | M7: =IF(AND(A7>=Seguridad!$H$5,A7<=Seguridad!$J$5,OR(Seguridad!$B$5="Todas",C7=Seguridad!$B$5),OR(Seguridad!$E$5="Ambos",D7=Seguridad!$E$5),OR(Seguridad!$M$5="Todas",B7=Seguridad!$M$5)),1,0) -> 1 | O7: Estado en vivo | P7: Requiere muestras externas con hora, motor y velocidad en Telemetría.
A8: 46277 | B8: VOL-01 | C8: Volquete | D8: Noche | E8: 80 | F8: 8 | G8: 5.36 | H8: 0 | I8: 0 | J8: 1 | K8: 2 | L8: 0 | M8: =IF(AND(A8>=Seguridad!$H$5,A8<=Seguridad!$J$5,OR(Seguridad!$B$5="Todas",C8=Seguridad!$B$5),OR(Seguridad!$E$5="Ambos",D8=Seguridad!$E$5),OR(Seguridad!$M$5="Todas",B8=Seguridad!$M$5)),1,0) -> 1
A9: 46278 | B9: VOL-01 | C9: Volquete | D9: Día | E9: 72 | F9: 7.6 | G9: 4.788 | H9: 2 | I9: 1 | J9: 0 | K9: 3 | L9: 0 | M9: =IF(AND(A9>=Seguridad!$H$5,A9<=Seguridad!$J$5,OR(Seguridad!$B$5="Todas",C9=Seguridad!$B$5),OR(Seguridad!$E$5="Ambos",D9=Seguridad!$E$5),OR(Seguridad!$M$5="Todas",B9=Seguridad!$M$5)),1,0) -> 1
A10: 46278 | B10: VOL-01 | C10: Volquete | D10: Noche | E10: 50 | F10: 6.2 | G10: 3.348 | H10: 0 | I10: 0 | J10: 0 | K10: 4 | L10: 0 | M10: =IF(AND(A10>=Seguridad!$H$5,A10<=Seguridad!$J$5,OR(Seguridad!$B$5="Todas",C10=Seguridad!$B$5),OR(Seguridad!$E$5="Ambos",D10=Seguridad!$E$5),OR(Seguridad!$M$5="Todas",B10=Seguridad!$M$5)),1,0) -> 1
A11: 46279 | B11: VOL-01 | C11: Volquete | D11: Día | E11: 87 | F11: 8.3 | G11: 5.81 | H11: 2 | I11: 0 | J11: 0 | K11: 5 | L11: 0 | M11: =IF(AND(A11>=Seguridad!$H$5,A11<=Seguridad!$J$5,OR(Seguridad!$B$5="Todas",C11=Seguridad!$B$5),OR(Seguridad!$E$5="Ambos",D11=Seguridad!$E$5),OR(Seguridad!$M$5="Todas",B11=Seguridad!$M$5)),1,0) -> 1
A12: 46279 | B12: VOL-01 | C12: Volquete | D12: Noche | E12: 63 | F12: 6.9 | G12: 4.209 | H12: 0 | I12: 0 | J12: 0 | K12: 6 | L12: 0 | M12: =IF(AND(A12>=Seguridad!$H$5,A12<=Seguridad!$J$5,OR(Seguridad!$B$5="Todas",C12=Seguridad!$B$5),OR(Seguridad!$E$5="Ambos",D12=Seguridad!$E$5),OR(Seguridad!$M$5="Todas",B12=Seguridad!$M$5)),1,0) -> 1
A13: 46280 | B13: VOL-01 | C13: Volquete | D13: Día | E13: 56 | F13: 6.5 | G13: 3.705 | H13: 2 | I13: 0 | J13: 0 | K13: 2 | L13: 0 | M13: =IF(AND(A13>=Seguridad!$H$5,A13<=Seguridad!$J$5,OR(Seguridad!$B$5="Todas",C13=Seguridad!$B$5),OR(Seguridad!$E$5="Ambos",D13=Seguridad!$E$5),OR(Seguridad!$M$5="Todas",B13=Seguridad!$M$5)),1,0) -> 1
A14: 46280 | B14: VOL-01 | C14: Volquete | D14: Noche | E14: 78 | F14: 7.6 | G14: 5.168 | H14: 1 | I14: 0 | J14: 0 | K14: 3 | L14: 0 | M14: =IF(AND(A14>=Seguridad!$H$5,A14<=Seguridad!$J$5,OR(Seguridad!$B$5="Todas",C14=Seguridad!$B$5),OR(Seguridad!$E$5="Ambos",D14=Seguridad!$E$5),OR(Seguridad!$M$5="Todas",B14=Seguridad!$M$5)),1,0) -> 1
A15: 46281 | B15: VOL-01 | C15: Volquete | D15: Día | E15: 69 | F15: 7.2 | G15: 4.608 | H15: 2 | I15: 0 | J15: 0 | K15: 4 | L15: 0 | M15: =IF(AND(A15>=Seguridad!$H$5,A15<=Seguridad!$J$5,OR(Seguridad!$B$5="Todas",C15=Seguridad!$B$5),OR(Seguridad!$E$5="Ambos",D15=Seguridad!$E$5),OR(Seguridad!$M$5="Todas",B15=Seguridad!$M$5)),1,0) -> 1
A16: 46281 | B16: VOL-01 | C16: Volquete | D16: Noche | E16: 68 | F16: 8.3 | G16: 4.565 | H16: 0 | I16: 0 | J16: 0 | K16: 5 | L16: 0 | M16: =IF(AND(A16>=Seguridad!$H$5,A16<=Seguridad!$J$5,OR(Seguridad!$B$5="Todas",C16=Seguridad!$B$5),OR(Seguridad!$E$5="Ambos",D16=Seguridad!$E$5),OR(Seguridad!$M$5="Todas",B16=Seguridad!$M$5)),1,0) -> 1
A17: 46282 | B17: VOL-01 | C17: Volquete | D17: Día | E17: 84 | F17: 7.9 | G17: 5.609 | H17: 2 | I17: 0 | J17: 0 | K17: 6 | L17: 0 | M17: =IF(AND(A17>=Seguridad!$H$5,A17<=Seguridad!$J$5,OR(Seguridad!$B$5="Todas",C17=Seguridad!$B$5),OR(Seguridad!$E$5="Ambos",D17=Seguridad!$E$5),OR(Seguridad!$M$5="Todas",B17=Seguridad!$M$5)),1,0) -> 1
A18: 46282 | B18: VOL-01 | C18: Volquete | D18: Noche | E18: 60 | F18: 6.5 | G18: 4.03 | H18: 0 | I18: 1 | J18: 0 | K18: 2 | L18: 0 | M18: =IF(AND(A18>=Seguridad!$H$5,A18<=Seguridad!$J$5,OR(Seguridad!$B$5="Todas",C18=Seguridad!$B$5),OR(Seguridad!$E$5="Ambos",D18=Seguridad!$E$5),OR(Seguridad!$M$5="Todas",B18=Seguridad!$M$5)),1,0) -> 1
A19: 46283 | B19: VOL-01 | C19: Volquete | D19: Día | E19: 53 | F19: 6.1 | G19: 3.538 | H19: 2 | I19: 0 | J19: 0 | K19: 3 | L19: 0 | M19: =IF(AND(A19>=Seguridad!$H$5,A19<=Seguridad!$J$5,OR(Seguridad!$B$5="Todas",C19=Seguridad!$B$5),OR(Seguridad!$E$5="Ambos",D19=Seguridad!$E$5),OR(Seguridad!$M$5="Todas",B19=Seguridad!$M$5)),1,0) -> 1
... A228: 46289 | B228: COM-01 | C228: Combi | D228: Noche | E228: 168 | F228: 8.3 | G228: 5.81 | H228: 0 | I228: 0 | J228: 0 | K228: 5 | L228: 0 | M228: =IF(AND(A228>=Seguridad!$H$5,A228<=Seguridad!$J$5,OR(Seguridad!$B$5="Todas",C228=Seguridad!$B$5),OR(Seguridad!$E$5="Ambos",D228=Seguridad!$E$5),OR(Seguridad!$M$5="Todas",B228=Seguridad!$M$5)),1,0) -> 0

Sheet Telemetría
A1: ENTRADA DE TELEMETRÍA · pegar muestras reales, una fila por unidad y hora. Se actualiza al refrescar/importar la fuente.
A2: Hora local del equipo (fecha y hora) | velocidad GPS en km/h | motor: 1 encendido, 0 apagado | turno: Día/Noche
A4: Fecha y hora | B4: Unidad | C4: Tipo | D4: Turno | E4: Velocidad GPS km/h | F4: Motor (1/0) | G4: Fuente / observación
